#define;;0;ITM_NULL;;;;;;;;;;;
;;;;;;;;;;;;;;
//;;from;Items;to;127;are;1;byte;OP;codes;;;;
#define;;1;ITM_LBL;;;;;;;;;;;
#define;;2;ITM_GTO;;;;;;;;;;;
#define;;3;ITM_XEQ;;;;;;;;;;;
#define;;4;ITM_RTN;;;;;;;;;;;
#define;;5;ITM_ISE;;;;;;;;;;;
#define;;6;ITM_ISG;;;;;;;;;;;
#define;;7;ITM_ISZ;;;;;;;;;;;
#define;;8;ITM_DSE;;;;;;;;;;;
#define;;9;ITM_DSL;;;;;;;;;;;
#define;;10;ITM_DSZ;;;;;;;;;;;
#define;;11;ITM_XEQU;;;;;;;;;;;
#define;;12;ITM_XNE;;;;;;;;;;;
#define;;13;ITM_XEQUP0;;;;;;;;;;;
#define;;14;ITM_XEQUM0;;;;;;;;;;;
#define;;15;ITM_XAEQU;;;;;;;;;;;
#define;;16;ITM_XLT;;;;;;;;;;;
#define;;17;ITM_XLE;;;;;;;;;;;
#define;;18;ITM_XGE;;;;;;;;;;;
#define;;19;ITM_XGT;;;;;;;;;;;
#define;;20;ITM_FC;;;;;;;;;;;
#define;;21;ITM_FS;;;;;;;;;;;
#define;;22;ITM_EVEN;;;;;;;;;;;
#define;;23;ITM_ODD;;;;;;;;;;;
#define;;24;ITM_FPQ;;;;;;;;;;;
#define;;25;ITM_INT;;;;;;;;;;;
#define;;26;ITM_CPX;;;;;;;;;;;
#define;;27;ITM_MATR;;;;;;;;;;;
#define;;28;ITM_NAN;;;;;;;;;;;
#define;;29;ITM_REAL;;;;;;;;;;;
#define;;30;ITM_SPEC;;;;;;;;;;;
#define;;31;ITM_STRI;;;;;;;;;;;
#define;;32;ITM_PMINFINITY;;;;;;;;;;;
#define;;33;ITM_PRIME;;;;;;;;;;;
#define;;34;ITM_TOP;;;;;;;;;;;
#define;;35;ITM_ENTER;;;;;;;;;;;
#define;;36;ITM_XexY;;;;;;;;;;;
#define;;37;ITM_DROP;;;;;;;;;;;
#define;;38;ITM_DROPY;;;;;;;;;;;
#define;;39;ITM_Rup;;;;;;;;;;;
#define;;40;ITM_Rdown;;;;;;;;;;;
#define;;41;ITM_CLX;;;;;;;;;;;
#define;;42;ITM_FILL;;;;;;;;;;;
#define;;43;ITM_INPUT;;;;;;;;;;;
#define;;44;ITM_STO;;;;;;;;;;;
#define;;45;ITM_STOADD;;;;;;;;;;;
#define;;46;ITM_STOSUB;;;;;;;;;;;
#define;;47;ITM_STOMULT;;;;;;;;;;;
#define;;48;ITM_STODIV;;;;;;;;;;;
#define;;49;ITM_STOMAX;;;;;;;;;;;
#define;;50;ITM_STOMIN;;;;;;;;;;;
#define;;51;ITM_RCL;;;;;;;;;;;
#define;;52;ITM_RCLADD;;;;;;;;;;;
#define;;53;ITM_RCLSUB;;;;;;;;;;;
#define;;54;ITM_RCLMULT;;;;;;;;;;;
#define;;55;ITM_RCLDIV;;;;;;;;;;;
#define;;56;ITM_RCLMAX;;;;;;;;;;;
#define;;57;ITM_RCLMIN;;;;;;;;;;;
#define;;58;ITM_SQUARE;;;;;;;;;;;
#define;;59;ITM_CUBE;;;;;;;;;;;
#define;;60;ITM_YX;;;;;;;;;;;
#define;;61;ITM_SQUAREROOTX;;;;;;;;;;;
#define;;62;ITM_CUBEROOT;;;;;;;;;;;
#define;;63;ITM_XTHROOT;;;;;;;;;;;
#define;;64;ITM_2X;;;;;;;;;;;
#define;;65;ITM_EXP;;;;;;;;;;;
#define;;66;ITM_EX1;;;;;;;;;;;
#define;;67;ITM_10x;;;;;;;;;;;
#define;;68;ITM_LOG2;;;;;;;;;;;
#define;;69;ITM_LN;;;;;;;;;;;
#define;;70;ITM_LN1X;;;;;;;;;;;
#define;;71;ITM_LOG10;;;;;;;;;;;
#define;;72;ITM_LOGXY;;;;;;;;;;;
#define;;73;ITM_1ONX;;;;;;;;;;;
#define;;74;ITM_cos;;;;;;;;;;;
#define;;75;ITM_cosh;;;;;;;;;;;
#define;;76;ITM_sin;;;;;;;;;;;
#define;;77;ITM_sinc;;;;;;;;;;;
#define;;78;ITM_sinh;;;;;;;;;;;
#define;;79;ITM_tan;;;;;;;;;;;
#define;;80;ITM_tanh;;;;;;;;;;;
#define;;81;ITM_arccos;;;;;;;;;;;
#define;;82;ITM_arcosh;;;;;;;;;;;
#define;;83;ITM_arcsin;;;;;;;;;;;
#define;;84;ITM_arsinh;;;;;;;;;;;
#define;;85;ITM_arctan;;;;;;;;;;;
#define;;86;ITM_artanh;;;;;;;;;;;
#define;;87;ITM_CEIL;;;;;;;;;;;
#define;;88;ITM_FLOOR;;;;;;;;;;;
#define;;89;ITM_GCD;;;;;;;;;;;
#define;;90;ITM_LCM;;;;;;;;;;;
#define;;91;ITM_DEC;;;;;;;;;;;
#define;;92;ITM_INC;;;;;;;;;;;
#define;;93;ITM_IP;;;;;;;;;;;
#define;;94;ITM_FP;;;;;;;;;;;
#define;;95;ITM_ADD;;;;;;;;;;;
#define;;96;ITM_SUB;;;;;;;;;;;
#define;;97;ITM_CHS;;;;;;;;;;;
#define;;98;ITM_MULT;;;;;;;;;;;
#define;;99;ITM_DIV;;;;;;;;;;;
#define;;100;ITM_IDIV;;;;;;;;;;;
#define;;101;ITM_IDIVR;;;;;;;;;;;
#define;;102;ITM_MOD;;;;;;;;;;;
#define;;103;ITM_MAX;;;;;;;;;;;
#define;;104;ITM_MIN;;;;;;;;;;;
#define;;105;ITM_MAGNITUDE;;;;;;;;;;;
#define;;106;ITM_NEIGHB;;;;;;;;;;;
#define;;107;ITM_NEXTP;;;;;;;;;;;
#define;;108;ITM_XFACT;;;;;;;;;;;
#define;;109;ITM_CONSTpi;;;;;;;;;;;
#define;;110;ITM_CF;;;;;;;;;;;
#define;;111;ITM_SF;;;;;;;;;;;
#define;;112;ITM_FF;;;;;;;;;;;
#define;;113;ITM_sincpi;;;;;;;;;;;
#define;;114;ITM_LITT;;;;;;;;;;;
#define;;115;ITM_0115;;;;;;;;;;;
#define;;116;ITM_0116;;;;;;;;;;;
#define;;117;ITM_0117;;;;;;;;;;;
#define;;118;ITM_0118;;;;;;;;;;;
#define;;119;ITM_0119;;;;;;;;;;;
#define;;120;ITM_0120;;;;;;;;;;;
#define;;121;ITM_0121;;;;;;;;;;;
#define;;122;ITM_0122;;;;;;;;;;;
#define;;123;ITM_0123;;;;;;;;;;;
#define;;124;ITM_0124;;;;;;;;;;;
#define;;125;ITM_0125;;;;;;;;;;;
#define;;126;ITM_0126;;;;;;;;;;;
#define;;127;ITM_0127;;;;;;;;;;;
;;;;;;;;;;;;;;
;;;;;;;;;;;;;;
//;;from;Items;to;...;are;2;byte;OP;codes;;;;
//;;;Constants;;;;;;;;;;;
#define;;128;CST_01;;;;;;;;;;;
#define;;129;CST_02;;;;;;;;;;;
#define;;130;CST_03;;;;;;;;;;;
#define;;131;CST_04;;;;;;;;;;;
#define;;132;CST_05;;;;;;;;;;;
#define;;133;CST_06;;;;;;;;;;;
#define;;134;CST_07;;;;;;;;;;;
#define;;135;CST_08;;;;;;;;;;;
#define;;136;CST_09;;;;;;;;;;;
#define;;137;CST_10;;;;;;;;;;;
#define;;138;CST_11;;;;;;;;;;;
#define;;139;CST_12;;;;;;;;;;;
#define;;140;CST_13;;;;;;;;;;;
#define;;141;CST_14;;;;;;;;;;;
#define;;142;CST_15;;;;;;;;;;;
#define;;143;CST_16;;;;;;;;;;;
#define;;144;CST_17;;;;;;;;;;;
#define;;145;CST_18;;;;;;;;;;;
#define;;146;CST_19;;;;;;;;;;;
#define;;147;CST_20;;;;;;;;;;;
#define;;148;CST_21;;;;;;;;;;;
#define;;149;CST_22;;;;;;;;;;;
#define;;150;CST_23;;;;;;;;;;;
#define;;151;CST_24;;;;;;;;;;;
#define;;152;CST_25;;;;;;;;;;;
#define;;153;CST_26;;;;;;;;;;;
#define;;154;CST_27;;;;;;;;;;;
#define;;155;CST_28;;;;;;;;;;;
#define;;156;CST_29;;;;;;;;;;;
#define;;157;CST_30;;;;;;;;;;;
#define;;158;CST_31;;;;;;;;;;;
#define;;159;CST_32;;;;;;;;;;;
#define;;160;CST_33;;;;;;;;;;;
#define;;161;CST_34;;;;;;;;;;;
#define;;162;CST_35;;;;;;;;;;;
#define;;163;CST_36;;;;;;;;;;;
#define;;164;CST_37;;;;;;;;;;;
#define;;165;CST_38;;;;;;;;;;;
#define;;166;CST_39;;;;;;;;;;;
#define;;167;CST_40;;;;;;;;;;;
#define;;168;CST_41;;;;;;;;;;;
#define;;169;CST_42;;;;;;;;;;;
#define;;170;CST_43;;;;;;;;;;;
#define;;171;CST_44;;;;;;;;;;;
#define;;172;CST_45;;;;;;;;;;;
#define;;173;CST_46;;;;;;;;;;;
#define;;174;CST_47;;;;;;;;;;;
#define;;175;CST_48;;;;;;;;;;;
#define;;176;CST_49;;;;;;;;;;;
#define;;177;CST_50;;;;;;;;;;;
#define;;178;CST_51;;;;;;;;;;;
#define;;179;CST_52;;;;;;;;;;;
#define;;180;CST_53;;;;;;;;;;;
#define;;181;CST_54;;;;;;;;;;;
#define;;182;CST_55;;;;;;;;;;;
#define;;183;CST_56;;;;;;;;;;;
#define;;184;CST_57;;;;;;;;;;;
#define;;185;CST_58;;;;;;;;;;;
#define;;186;CST_59;;;;;;;;;;;
#define;;187;CST_60;;;;;;;;;;;
#define;;188;CST_61;;;;;;;;;;;
#define;;189;CST_62;;;;;;;;;;;
#define;;190;CST_63;;;;;;;;;;;
#define;;191;CST_64;;;;;;;;;;;
#define;;192;CST_65;;;;;;;;;;;
#define;;193;CST_66;;;;;;;;;;;
#define;;194;CST_67;;;;;;;;;;;
#define;;195;CST_68;;;;;;;;;;;
#define;;196;CST_69;;;;;;;;;;;
#define;;197;CST_70;;;;;;;;;;;
#define;;198;CST_71;;;;;;;;;;;
#define;;199;CST_72;;;;;;;;;;;
#define;;200;CST_73;;;;;;;;;;;
#define;;201;CST_74;;;;;;;;;;;
#define;;202;CST_75;;;;;;;;;;;
#define;;203;CST_76;;;;;;;;;;;
#define;;204;CST_77;;;;;;;;;;;
#define;;205;CST_78;;;;;;;;;;;
#define;;206;CST_79;;;;;;;;;;;
#define;;207;ITM_CNST;;;;;;;;;;;
#define;;208;ITM_0208;;;;;;;;;;;
#define;;209;ITM_0209;;;;;;;;;;;
#define;;210;ITM_0210;;;;;;;;;;;
#define;;211;ITM_0211;;;;;;;;;;;
#define;;212;ITM_0212;;;;;;;;;;;
#define;;213;ITM_0213;;;;;;;;;;;
#define;;214;ITM_0214;;;;;;;;;;;
#define;;215;ITM_0215;;;;;;;;;;;
#define;;216;ITM_0216;;;;;;;;;;;
#define;;217;ITM_0217;;;;;;;;;;;
#define;;218;ITM_0218;;;;;;;;;;;
#define;;219;ITM_0219;;;;;;;;;;;
;;;;;;;;;;;;;;
;;;;;;;;;;;;;;
//;;;Conversions;;;;;;;;;;;
#define;;220;ITM_CtoF;;;;;;;;;;;
#define;;221;ITM_FtoC;;;;;;;;;;;
#define;;222;ITM_DBtoPR;;;;;;;;;;;
#define;;223;ITM_DBtoPRb;;;;;;;;;;;
#define;;224;ITM_DBtoPRc;;;;;;;;;;;
#define;;225;ITM_DBtoFR;;;;;;;;;;;
#define;;226;ITM_DBtoFRb;;;;;;;;;;;
#define;;227;ITM_DBtoFRc;;;;;;;;;;;
#define;;228;ITM_PRtoDB;;;;;;;;;;;
#define;;229;ITM_PRtoDBb;;;;;;;;;;;
#define;;230;ITM_PRtoDBc;;;;;;;;;;;
#define;;231;ITM_FRtoDB;;;;;;;;;;;
#define;;232;ITM_FRtoDBb;;;;;;;;;;;
#define;;233;ITM_FRtoDBc;;;;;;;;;;;
#define;;234;ITM_ACtoM2;;;;;;;;;;;
#define;;235;ITM_ACtoM2b;;;;;;;;;;;
#define;;236;ITM_M2toAC;;;;;;;;;;;
#define;;237;ITM_M2toACb;;;;;;;;;;;
#define;;238;ITM_ACUStoM2;;;;;;;;;;;
#define;;239;ITM_ACUStoM2b;;;;;;;;;;;
#define;;240;ITM_M2toACUS;;;;;;;;;;;
#define;;241;ITM_M2toACUSb;;;;;;;;;;;
#define;;242;ITM_PAtoATM;;;;;;;;;;;
#define;;243;ITM_ATMtoPA;;;;;;;;;;;
#define;;244;ITM_AUtoM;;;;;;;;;;;
#define;;245;ITM_MtoAU;;;;;;;;;;;
#define;;246;ITM_BARtoPA;;;;;;;;;;;
#define;;247;ITM_PAtoBAR;;;;;;;;;;;
#define;;248;ITM_BTUtoJ;;;;;;;;;;;
#define;;249;ITM_JtoBTU;;;;;;;;;;;
#define;;250;ITM_CALtoJ;;;;;;;;;;;
#define;;251;ITM_JtoCAL;;;;;;;;;;;
#define;;252;ITM_LBFFTtoNM;;;;;;;;;;;
#define;;253;ITM_LBFFTtoNMb;;;;;;;;;;;
#define;;254;ITM_NMtoLBFFT;;;;;;;;;;;
#define;;255;ITM_NMtoLBFFTb;;;;;;;;;;;
#define;;256;ITM_CWTtoKG;;;;;;;;;;;
#define;;257;ITM_KGtoCWT;;;;;;;;;;;
#define;;258;ITM_FTtoM;;;;;;;;;;;
#define;;259;ITM_MtoFT;;;;;;;;;;;
#define;;260;ITM_FTUStoM;;;;;;;;;;;
#define;;261;ITM_FTUStoMb;;;;;;;;;;;
#define;;262;ITM_FTUStoMc;;;;;;;;;;;
#define;;263;ITM_MtoFTUS;;;;;;;;;;;
#define;;264;ITM_MtoFTUSb;;;;;;;;;;;
#define;;265;ITM_MtoFTUSc;;;;;;;;;;;
#define;;266;ITM_FZUKtoM3;;;;;;;;;;;
#define;;267;ITM_FZUKtoM3b;;;;;;;;;;;
#define;;268;ITM_M3toFZUK;;;;;;;;;;;
#define;;269;ITM_M3toFZUKb;;;;;;;;;;;
#define;;270;ITM_FZUStoM3;;;;;;;;;;;
#define;;271;ITM_FZUStoM3b;;;;;;;;;;;
#define;;272;ITM_M3toFZUS;;;;;;;;;;;
#define;;273;ITM_M3toFZUSb;;;;;;;;;;;
#define;;274;ITM_GLUKtoM3;;;;;;;;;;;
#define;;275;ITM_M3toGLUK;;;;;;;;;;;
#define;;276;ITM_GLUStoM3;;;;;;;;;;;
#define;;277;ITM_M3toGLUS;;;;;;;;;;;
#define;;278;ITM_HPEtoW;;;;;;;;;;;
#define;;279;ITM_WtoHPE;;;;;;;;;;;
#define;;280;ITM_HPMtoW;;;;;;;;;;;
#define;;281;ITM_WtoHPM;;;;;;;;;;;
#define;;282;ITM_HPUKtoW;;;;;;;;;;;
#define;;283;ITM_WtoHPUK;;;;;;;;;;;
#define;;284;ITM_IHGtoPA;;;;;;;;;;;
#define;;285;ITM_IHGtoPAb;;;;;;;;;;;
#define;;286;ITM_PAtoIHG;;;;;;;;;;;
#define;;287;ITM_PAtoIHGb;;;;;;;;;;;
#define;;288;ITM_INtoM;;;;;;;;;;;
#define;;289;ITM_MtoINCH;;;;;;;;;;;
#define;;290;ITM_WHtoJ;;;;;;;;;;;
#define;;291;ITM_JtoWH;;;;;;;;;;;
#define;;292;ITM_KGtoLBS;;;;;;;;;;;
#define;;293;ITM_LBStoKG;;;;;;;;;;;
#define;;294;ITM_KGtoOZ;;;;;;;;;;;
#define;;295;ITM_OZtoKG;;;;;;;;;;;
#define;;296;ITM_KGtoSCW;;;;;;;;;;;
#define;;297;ITM_KGtoSCWb;;;;;;;;;;;
#define;;298;ITM_SCWtoKG;;;;;;;;;;;
#define;;299;ITM_SCWtoKGb;;;;;;;;;;;
#define;;300;ITM_KGtoSTO;;;;;;;;;;;
#define;;301;ITM_KGtoSTOb;;;;;;;;;;;
#define;;302;ITM_STOtoKG;;;;;;;;;;;
#define;;303;ITM_STOtoKGb;;;;;;;;;;;
#define;;304;ITM_KGtoST;;;;;;;;;;;
#define;;305;ITM_KGtoSTb;;;;;;;;;;;
#define;;306;ITM_KGtoSTc;;;;;;;;;;;
#define;;307;ITM_STtoKG;;;;;;;;;;;
#define;;308;ITM_STtoKGb;;;;;;;;;;;
#define;;309;ITM_STtoKGc;;;;;;;;;;;
#define;;310;ITM_KGtoTON;;;;;;;;;;;
#define;;311;ITM_KGtoTONb;;;;;;;;;;;
#define;;312;ITM_KGtoTONc;;;;;;;;;;;
#define;;313;ITM_TONtoKG;;;;;;;;;;;
#define;;314;ITM_TONtoKGb;;;;;;;;;;;
#define;;315;ITM_TONtoKGc;;;;;;;;;;;
#define;;316;ITM_KGtoTRZ;;;;;;;;;;;
#define;;317;ITM_KGtoTRZb;;;;;;;;;;;
#define;;318;ITM_TRZtoKG;;;;;;;;;;;
#define;;319;ITM_TRZtoKGb;;;;;;;;;;;
#define;;320;ITM_LBFtoN;;;;;;;;;;;
#define;;321;ITM_NtoLBF;;;;;;;;;;;
#define;;322;ITM_LYtoM;;;;;;;;;;;
#define;;323;ITM_MtoLY;;;;;;;;;;;
#define;;324;ITM_MMHGtoPA;;;;;;;;;;;
#define;;325;ITM_MMHGtoPAb;;;;;;;;;;;
#define;;326;ITM_PAtoMMHG;;;;;;;;;;;
#define;;327;ITM_PAtoMMHGb;;;;;;;;;;;
#define;;328;ITM_MItoM;;;;;;;;;;;
#define;;329;ITM_MtoMI;;;;;;;;;;;
#define;;330;ITM_MtoNMI;;;;;;;;;;;
#define;;331;ITM_NMItoM;;;;;;;;;;;
#define;;332;ITM_MtoPC;;;;;;;;;;;
#define;;333;ITM_PCtoM;;;;;;;;;;;
#define;;334;ITM_MtoPOINTb;;;;;;;;;;;
#define;;335;ITM_MtoPOINT;;;;;;;;;;;
#define;;336;ITM_MtoPOINTc;;;;;;;;;;;
#define;;337;ITM_POINTtoM;;;;;;;;;;;
#define;;338;ITM_POINTtoMb;;;;;;;;;;;
#define;;339;ITM_POINTtoMc;;;;;;;;;;;
#define;;340;ITM_MtoYD;;;;;;;;;;;
#define;;341;ITM_YDtoM;;;;;;;;;;;
#define;;342;ITM_PSItoPA;;;;;;;;;;;
#define;;343;ITM_PAtoPSI;;;;;;;;;;;
#define;;344;ITM_PAtoTOR;;;;;;;;;;;
#define;;345;ITM_PAtoTORb;;;;;;;;;;;
#define;;346;ITM_TORtoPA;;;;;;;;;;;
#define;;347;ITM_TORtoPAb;;;;;;;;;;;
#define;;348;ITM_StoYEAR;;;;;;;;;;;
#define;;349;ITM_YEARtoS;;;;;;;;;;;
#define;;350;ITM_CARATtoKG;;;;;;;;;;;
#define;;351;ITM_CARATtoKGb;;;;;;;;;;;
#define;;352;ITM_CARATtoKGc;;;;;;;;;;;
#define;;353;ITM_KGtoCARAT;;;;;;;;;;;
#define;;354;ITM_KGtoCARATb;;;;;;;;;;;
#define;;355;ITM_KGtoCARATc;;;;;;;;;;;
#define;;356;ITM_QTtoM3;;;;;;;;;;;
#define;;357;ITM_M3toQT;;;;;;;;;;;
#define;;358;ITM_FATHOMtoM;;;;;;;;;;;
#define;;359;ITM_FATHOMtoMb;;;;;;;;;;;
#define;;360;ITM_FATHOMtoMc;;;;;;;;;;;
#define;;361;ITM_MtoFATHOM;;;;;;;;;;;
#define;;362;ITM_MtoFATHOMb;;;;;;;;;;;
#define;;363;ITM_MtoFATHOMc;;;;;;;;;;;
#define;;364;ITM_BARRELtoM3;;;;;;;;;;;
#define;;365;ITM_BARRELtoM3b;;;;;;;;;;;
#define;;366;ITM_M3toBARREL;;;;;;;;;;;
#define;;367;ITM_M3toBARRELb;;;;;;;;;;;
#define;;368;ITM_ATMtoPAb;;;;;;;;;;;
#define;;369;ITM_PAtoATMb;;;;;;;;;;;
#define;;370;ITM_HECTAREtoM2;;;;;;;;;;;
#define;;371;ITM_M2toHECTARE;;;;;;;;;;;
#define;;372;ITM_0372;;;;;;;;;;;
#define;;373;ITM_0373;;;;;;;;;;;
#define;;374;ITM_0374;;;;;;;;;;;
#define;;375;ITM_0375;;;;;;;;;;;
#define;;376;ITM_0376;;;;;;;;;;;
#define;;377;ITM_0377;;;;;;;;;;;
#define;;378;ITM_0378;;;;;;;;;;;
#define;;379;ITM_0379;;;;;;;;;;;
#define;;380;ITM_0380;;;;;;;;;;;
#define;;381;ITM_0381;;;;;;;;;;;
#define;;382;ITM_0382;;;;;;;;;;;
#define;;383;ITM_0383;;;;;;;;;;;
#define;;384;ITM_0384;;;;;;;;;;;
#define;;385;ITM_0385;;;;;;;;;;;
;;;;;;;;;;;;;;
;;;;;;;;;;;;;;
//;;bit,;Flag,;and;logical;OPs;;;;;;;;
#define;;386;ITM_FCC;;;;;;;;;;;
#define;;387;ITM_FCS;;;;;;;;;;;
#define;;388;ITM_FCF;;;;;;;;;;;
#define;;389;ITM_FSC;;;;;;;;;;;
#define;;390;ITM_FSS;;;;;;;;;;;
#define;;391;ITM_FSF;;;;;;;;;;;
#define;;392;ITM_LOGICALNOT;;;;;;;;;;;
#define;;393;ITM_LOGICALAND;;;;;;;;;;;
#define;;394;ITM_LOGICALOR;;;;;;;;;;;
#define;;395;ITM_LOGICALXOR;;;;;;;;;;;
#define;;396;ITM_LOGICALNAND;;;;;;;;;;;
#define;;397;ITM_LOGICALNOR;;;;;;;;;;;
#define;;398;ITM_LOGICALXNOR;;;;;;;;;;;
#define;;399;ITM_BS;;;;;;;;;;;
#define;;400;ITM_BC;;;;;;;;;;;
#define;;401;ITM_CB;;;;;;;;;;;
#define;;402;ITM_SB;;;;;;;;;;;
#define;;403;ITM_FB;;;;;;;;;;;
#define;;404;ITM_RL;;;;;;;;;;;
#define;;405;ITM_RLC;;;;;;;;;;;
#define;;406;ITM_RR;;;;;;;;;;;
#define;;407;ITM_RRC;;;;;;;;;;;
#define;;408;ITM_SL;;;;;;;;;;;
#define;;409;ITM_SR;;;;;;;;;;;
#define;;410;ITM_ASR;;;;;;;;;;;
#define;;411;ITM_LJ;;;;;;;;;;;
#define;;412;ITM_RJ;;;;;;;;;;;
#define;;413;ITM_MASKL;;;;;;;;;;;
#define;;414;ITM_MASKR;;;;;;;;;;;
#define;;415;ITM_MIRROR;;;;;;;;;;;
#define;;416;ITM_NUMB;;;;;;;;;;;
#define;;417;ITM_SDL;;;;;;;;;;;
#define;;418;ITM_SDR;;;;;;;;;;;
#define;;419;ITM_0419;;;;;;;;;;;
#define;;420;ITM_0420;;;;;;;;;;;
#define;;421;ITM_0421;;;;;;;;;;;
#define;;422;ITM_0422;;;;;;;;;;;
;;;;;;;;;;;;;;
;;;;;;;;;;;;;;
//;;sums;Statistical;;;;;;;;;;;
#define;;423;ITM_SIGMAPLUS;;;;;;;;;;;
#define;;424;ITM_SIGMAMINUS;;;;;;;;;;;
#define;;425;ITM_NSIGMA;;;;;;;;;;;
#define;;426;ITM_SIGMAx;;;;;;;;;;;
#define;;427;ITM_SIGMAy;;;;;;;;;;;
#define;;428;ITM_SIGMAx2;;;;;;;;;;;
#define;;429;ITM_SIGMAx2y;;;;;;;;;;;
#define;;430;ITM_SIGMAy2;;;;;;;;;;;
#define;;431;ITM_SIGMAxy;;;;;;;;;;;
#define;;432;ITM_SIGMAlnxy;;;;;;;;;;;
#define;;433;ITM_SIGMAlnx;;;;;;;;;;;
#define;;434;ITM_SIGMAln2x;;;;;;;;;;;
#define;;435;ITM_SIGMAylnx;;;;;;;;;;;
#define;;436;ITM_SIGMAlny;;;;;;;;;;;
#define;;437;ITM_SIGMAln2y;;;;;;;;;;;
#define;;438;ITM_SIGMAxlny;;;;;;;;;;;
#define;;439;ITM_SIGMAlnyonx;;;;;;;;;;;
#define;;440;ITM_SIGMAx2ony;;;;;;;;;;;
#define;;441;ITM_SIGMA1onx;;;;;;;;;;;
#define;;442;ITM_SIGMA1onx2;;;;;;;;;;;
#define;;443;ITM_SIGMAxony;;;;;;;;;;;
#define;;444;ITM_SIGMA1ony;;;;;;;;;;;
#define;;445;ITM_SIGMA1ony2;;;;;;;;;;;
#define;;446;ITM_SIGMAx3;;;;;;;;;;;
#define;;447;ITM_SIGMAx4;;;;;;;;;;;
#define;;448;ITM_0448;;;;;;;;;;;
#define;;449;ITM_0449;;;;;;;;;;;
#define;;450;ITM_0450;;;;;;;;;;;
#define;;451;ITM_0451;;;;;;;;;;;
#define;;452;ITM_0452;;;;;;;;;;;
;;;;;;;;;;;;;;
;;;;;;;;;;;;;;
//;;flags;System;;;;;;;;;;;
#define;;453;SFL_TDM24;;;;;;;;;;;
#define;;454;SFL_YMD;;;;;;;;;;;
#define;;455;SFL_DMY;;;;;;;;;;;
#define;;456;SFL_MDY;;;;;;;;;;;
#define;;457;SFL_CPXRES;;;;;;;;;;;
#define;;458;SFL_CPXj;;;;;;;;;;;
#define;;459;SFL_POLAR;;;;;;;;;;;
#define;;460;SFL_FRACT;;;;;;;;;;;
#define;;461;SFL_PROPFR;;;;;;;;;;;
#define;;462;SFL_DENANY;;;;;;;;;;;
#define;;463;SFL_DENFIX;;;;;;;;;;;
#define;;464;SFL_CARRY;;;;;;;;;;;
#define;;465;SFL_OVERFL;;;;;;;;;;;
#define;;466;SFL_LEAD0;;;;;;;;;;;
#define;;467;SFL_ALPHA;;;;;;;;;;;
#define;;468;SFL_alphaCAP;;;;;;;;;;;
#define;;469;SFL_RUNTIM;;;;;;;;;;;
#define;;470;SFL_RUNIO;;;;;;;;;;;
#define;;471;SFL_PRINT;;;;;;;;;;;
#define;;472;SFL_TRACE;;;;;;;;;;;
#define;;473;SFL_USER;;;;;;;;;;;
#define;;474;SFL_LOWBAT;;;;;;;;;;;
#define;;475;SFL_SLOW;;;;;;;;;;;
#define;;476;SFL_SPCRES;;;;;;;;;;;
#define;;477;SFL_SSIZE8;;;;;;;;;;;
#define;;478;SFL_QUIET;;;;;;;;;;;
#define;;479;SFL_DECIMP;;;;;;;;;;;
#define;;480;SFL_MULTx;;;;;;;;;;;
#define;;481;SFL_ALLENG;;;;;;;;;;;
#define;;482;SFL_GROW;;;;;;;;;;;
#define;;483;SFL_AUTOFF;;;;;;;;;;;
#define;;484;SFL_AUTXEQ;;;;;;;;;;;
#define;;485;SFL_PRTACT;;;;;;;;;;;
#define;;486;SFL_NUMIN;;;;;;;;;;;
#define;;487;SFL_ALPIN;;;;;;;;;;;
#define;;488;SFL_ASLIFT;;;;;;;;;;;
#define;;489;SFL_IGN1ER;;;;;;;;;;;
#define;;490;SFL_INTING;;;;;;;;;;;
#define;;491;SFL_SOLVING;;;;;;;;;;;
#define;;492;SFL_VMDISP;;;;;;;;;;;
#define;;493;SFL_USB;;;;;;;;;;;
#define;;494;ITM_0494;;;;;;;;;;;
#define;;495;ITM_0495;;;;;;;;;;;
#define;;496;ITM_0496;;;;;;;;;;;
#define;;497;ITM_0497;;;;;;;;;;;
#define;;498;ITM_0498;;;;;;;;;;;
#define;;499;ITM_0499;;;;;;;;;;;
#define;;500;ITM_0500;;;;;;;;;;;
#define;;501;ITM_0501;;;;;;;;;;;
#define;;502;ITM_0502;;;;;;;;;;;
#define;;503;ITM_0503;;;;;;;;;;;
#define;;504;ITM_0504;;;;;;;;;;;
#define;;505;ITM_0505;;;;;;;;;;;
#define;;506;ITM_0506;;;;;;;;;;;
#define;;507;ITM_0507;;;;;;;;;;;
#define;;508;ITM_0508;;;;;;;;;;;
#define;;509;ITM_0509;;;;;;;;;;;
#define;;510;ITM_0510;;;;;;;;;;;
#define;;511;ITM_0511;;;;;;;;;;;
#define;;512;ITM_0512;;;;;;;;;;;
#define;;513;ITM_0513;;;;;;;;;;;
#define;;514;ITM_0514;;;;;;;;;;;
#define;;515;ITM_0515;;;;;;;;;;;
#define;;516;ITM_0516;;;;;;;;;;;
;;;;;;;;;;;;;;
;;;;;;;;;;;;;;
//;;items;Bufferized;;;;;;;;;;;
#define;;517;ITM_ST_X;;;;;;;;;;;
#define;;518;ITM_ST_Y;;;;;;;;;;;
#define;;519;ITM_ST_Z;;;;;;;;;;;
#define;;520;ITM_ST_T;;;;;;;;;;;
#define;;521;ITM_ST_A;;;;;;;;;;;
#define;;522;ITM_ST_B;;;;;;;;;;;
#define;;523;ITM_ST_C;;;;;;;;;;;
#define;;524;ITM_ST_D;;;;;;;;;;;
#define;;525;ITM_REG_L;;;;;;;;;;;
#define;;526;ITM_REG_I;;;;;;;;;;;
#define;;527;ITM_REG_J;;;;;;;;;;;
#define;;528;ITM_REG_K;;;;;;;;;;;
#define;;529;ITM_INDIRECTION;;;;;;;;;;;
#define;;530;ITM_REG_X;;;;;;;;;;;
#define;;531;ITM_REG_Y;;;;;;;;;;;
#define;;532;ITM_REG_Z;;;;;;;;;;;
#define;;533;ITM_REG_T;;;;;;;;;;;
#define;;534;ITM_REG_A;;;;;;;;;;;
#define;;535;ITM_REG_B;;;;;;;;;;;
#define;;536;ITM_REG_C;;;;;;;;;;;
#define;;537;ITM_REG_D;;;;;;;;;;;
#define;;538;ITM_0;;;;;;;;;;;
#define;;539;ITM_1;;;;;;;;;;;
#define;;540;ITM_2;;;;;;;;;;;
#define;;541;ITM_3;;;;;;;;;;;
#define;;542;ITM_4;;;;;;;;;;;
#define;;543;ITM_5;;;;;;;;;;;
#define;;544;ITM_6;;;;;;;;;;;
#define;;545;ITM_7;;;;;;;;;;;
#define;;546;ITM_8;;;;;;;;;;;
#define;;547;ITM_9;;;;;;;;;;;
#define;;548;ITM_A;;;;;;;;;;;
#define;;549;ITM_B;;;;;;;;;;;
#define;;550;ITM_C;;;;;;;;;;;
#define;;551;ITM_D;;;;;;;;;;;
#define;;552;ITM_E;;;;;;;;;;;
#define;;553;ITM_F;;;;;;;;;;;
#define;;554;ITM_G;;;;;;;;;;;
#define;;555;ITM_H;;;;;;;;;;;
#define;;556;ITM_I;;;;;;;;;;;
#define;;557;ITM_J;;;;;;;;;;;
#define;;558;ITM_K;;;;;;;;;;;
#define;;559;ITM_L;;;;;;;;;;;
#define;;560;ITM_M;;;;;;;;;;;
#define;;561;ITM_N;;;;;;;;;;;
#define;;562;ITM_O;;;;;;;;;;;
#define;;563;ITM_P;;;;;;;;;;;
#define;;564;ITM_Q;;;;;;;;;;;
#define;;565;ITM_R;;;;;;;;;;;
#define;;566;ITM_S;;;;;;;;;;;
#define;;567;ITM_T;;;;;;;;;;;
#define;;568;ITM_U;;;;;;;;;;;
#define;;569;ITM_V;;;;;;;;;;;
#define;;570;ITM_W;;;;;;;;;;;
#define;;571;ITM_X;;;;;;;;;;;
#define;;572;ITM_Y;;;;;;;;;;;
#define;;573;ITM_Z;;;;;;;;;;;
#define;;574;ITM_a;;;;;;;;;;;
#define;;575;ITM_b;;;;;;;;;;;
#define;;576;ITM_c;;;;;;;;;;;
#define;;577;ITM_d;;;;;;;;;;;
#define;;578;ITM_e;;;;;;;;;;;
#define;;579;ITM_f;;;;;;;;;;;
#define;;580;ITM_g;;;;;;;;;;;
#define;;581;ITM_h;;;;;;;;;;;
#define;;582;ITM_i;;;;;;;;;;;
#define;;583;ITM_j;;;;;;;;;;;
#define;;584;ITM_k;;;;;;;;;;;
#define;;585;ITM_l;;;;;;;;;;;
#define;;586;ITM_m;;;;;;;;;;;
#define;;587;ITM_n;;;;;;;;;;;
#define;;588;ITM_o;;;;;;;;;;;
#define;;589;ITM_p;;;;;;;;;;;
#define;;590;ITM_q;;;;;;;;;;;
#define;;591;ITM_r;;;;;;;;;;;
#define;;592;ITM_s;;;;;;;;;;;
#define;;593;ITM_t;;;;;;;;;;;
#define;;594;ITM_u;;;;;;;;;;;
#define;;595;ITM_v;;;;;;;;;;;
#define;;596;ITM_w;;;;;;;;;;;
#define;;597;ITM_x;;;;;;;;;;;
#define;;598;ITM_y;;;;;;;;;;;
#define;;599;ITM_z;;;;;;;;;;;
#define;;600;ITM_ALPHA;the;RANGE;STARTS;HERE,;with;36;for;lower;case;;
#define;;601;ITM_0601;;;;;;;;;;;
#define;;602;ITM_BETA;;;;;;;;;;;
#define;;603;ITM_GAMMA;;;;;;;;;;;
#define;;604;ITM_DELTA;;;;;;;;;;;
#define;;605;ITM_EPSILON;;;;;;;;;;;
#define;;606;ITM_0606;;;;;;;;;;;
#define;;607;ITM_ZETA;;;;;;;;;;;
#define;;608;ITM_ETA;;;;;;;;;;;
#define;;609;ITM_0609;;;;;;;;;;;
#define;;610;ITM_THETA;;;;;;;;;;;
#define;;611;ITM_IOTA;;;;;;;;;;;
#define;;612;ITM_0612;;;;;;;;;;;
#define;;613;ITM_0613;;;;;;;;;;;
#define;;614;ITM_IOTA_DIALYTIKA;;;;;;;;;;;
#define;;615;ITM_KAPPA;;;;;;;;;;;
#define;;616;ITM_LAMBDA;;;;;;;;;;;
#define;;617;ITM_MU;;;;;;;;;;;
#define;;618;ITM_NU;;;;;;;;;;;
#define;;619;ITM_XI;;;;;;;;;;;
#define;;620;ITM_OMICRON;;;;;;;;;;;
#define;;621;ITM_0621;;;;;;;;;;;
#define;;622;ITM_PI;;;;;;;;;;;
#define;;623;ITM_RHO;;;;;;;;;;;
#define;;624;ITM_SIGMA;;;;;;;;;;;
#define;;625;ITM_0625;;;;;;;;;;;
#define;;626;ITM_TAU;;;;;;;;;;;
#define;;627;ITM_UPSILON;;;;;;;;;;;
#define;;628;ITM_0628;;;;;;;;;;;
#define;;629;ITM_UPSILON_DIALYTIKA;;;;;;;;;;;
#define;;630;ITM_0630;;;;;;;;;;;
#define;;631;ITM_PHI;;;;;;;;;;;
#define;;632;ITM_CHI;;;;;;;;;;;
#define;;633;ITM_PSI;;;;;;;;;;;
#define;;634;ITM_OMEGA;the;RANGE;STOPS;HERE,;with;36;for;lower;case;;
#define;;635;ITM_0635;;;;;;;;;;;
#define;;636;ITM_alpha;;;;;;;;;;;
#define;;637;ITM_alpha_TONOS;;;;;;;;;;;
#define;;638;ITM_beta;;;;;;;;;;;
#define;;639;ITM_gamma;;;;;;;;;;;
#define;;640;ITM_delta;;;;;;;;;;;
#define;;641;ITM_epsilon;;;;;;;;;;;
#define;;642;ITM_epsilon_TONOS;;;;;;;;;;;
#define;;643;ITM_zeta;;;;;;;;;;;
#define;;644;ITM_eta;;;;;;;;;;;
#define;;645;ITM_eta_TONOS;;;;;;;;;;;
#define;;646;ITM_theta;;;;;;;;;;;
#define;;647;ITM_iota;;;;;;;;;;;
#define;;648;ITM_iotaTON;;;;;;;;;;;
#define;;649;ITM_iota_DIALYTIKA_TONOS;;;;;;;;;;;
#define;;650;ITM_iota_DIALYTIKA;;;;;;;;;;;
#define;;651;ITM_kappa;;;;;;;;;;;
#define;;652;ITM_lambda;;;;;;;;;;;
#define;;653;ITM_mu;;;;;;;;;;;
#define;;654;ITM_nu;;;;;;;;;;;
#define;;655;ITM_xi;;;;;;;;;;;
#define;;656;ITM_omicron;;;;;;;;;;;
#define;;657;ITM_omicron_TONOS;;;;;;;;;;;
#define;;658;ITM_pi;;;;;;;;;;;
#define;;659;ITM_rho;;;;;;;;;;;
#define;;660;ITM_sigma;;;;;;;;;;;
#define;;661;ITM_sigma_end;;;;;;;;;;;
#define;;662;ITM_tau;;;;;;;;;;;
#define;;663;ITM_upsilon;;;;;;;;;;;
#define;;664;ITM_upsilon_TONOS;;;;;;;;;;;
#define;;665;ITM_upsilon_DIALYTIKA;;;;;;;;;;;
#define;;666;ITM_upsilon_DIALYTIKA_TONOS;;;;;;;;;;;
#define;;667;ITM_phi;;;;;;;;;;;
#define;;668;ITM_chi;;;;;;;;;;;
#define;;669;ITM_psi;;;;;;;;;;;
#define;;670;ITM_omega;;;;;;;;;;;
#define;;671;ITM_omega_TONOS;;;;;;;;;;;
#define;;672;ITM_0672;;;;;;;;;;;
#define;;673;ITM_0673;;;;;;;;;;;
#define;;674;ITM_0674;;;;;;;;;;;
#define;;675;ITM_0675;;;;;;;;;;;
#define;;676;ITM_0676;;;;;;;;;;;
#define;;677;ITM_0677;;;;;;;;;;;
#define;;678;ITM_A_MACRON;;;;;;;;;;;
#define;;679;ITM_A_ACUTE;;;;;;;;;;;
#define;;680;ITM_A_BREVE;;;;;;;;;;;
#define;;681;ITM_A_GRAVE;;;;;;;;;;;
#define;;682;ITM_A_DIARESIS;;;;;;;;;;;
#define;;683;ITM_A_TILDE;;;;;;;;;;;
#define;;684;ITM_A_CIRC;;;;;;;;;;;
#define;;685;ITM_A_RING;;;;;;;;;;;
#define;;686;ITM_AE;;;;;;;;;;;
#define;;687;ITM_A_OGONEK;;;;;;;;;;;
#define;;688;ITM_C_ACUTE;;;;;;;;;;;
#define;;689;ITM_C_CARON;;;;;;;;;;;
#define;;690;ITM_C_CEDILLA;;;;;;;;;;;
#define;;691;ITM_D_STROKE;;;;;;;;;;;
#define;;692;ITM_D_CARON;;;;;;;;;;;
#define;;693;ITM_E_MACRON;;;;;;;;;;;
#define;;694;ITM_E_ACUTE;;;;;;;;;;;
#define;;695;ITM_E_BREVE;;;;;;;;;;;
#define;;696;ITM_E_GRAVE;;;;;;;;;;;
#define;;697;ITM_E_DIARESIS;;;;;;;;;;;
#define;;698;ITM_E_CIRC;;;;;;;;;;;
#define;;699;ITM_E_OGONEK;;;;;;;;;;;
#define;;700;ITM_G_BREVE;;;;;;;;;;;
#define;;701;ITM_0701;;;;;;;;;;;
#define;;702;ITM_I_MACRON;;;;;;;;;;;
#define;;703;ITM_I_ACUTE;;;;;;;;;;;
#define;;704;ITM_I_BREVE;;;;;;;;;;;
#define;;705;ITM_I_GRAVE;;;;;;;;;;;
#define;;706;ITM_I_DIARESIS;;;;;;;;;;;
#define;;707;ITM_I_CIRC;;;;;;;;;;;
#define;;708;ITM_I_OGONEK;;;;;;;;;;;
#define;;709;ITM_I_DOT;;;;;;;;;;;
#define;;710;ITM_I_DOTLESS;;;;;;;;;;;
#define;;711;ITM_L_STROKE;;;;;;;;;;;
#define;;712;ITM_L_ACUTE;;;;;;;;;;;
#define;;713;ITM_L_APOSTROPHE;;;;;;;;;;;
#define;;714;ITM_N_ACUTE;;;;;;;;;;;
#define;;715;ITM_N_CARON;;;;;;;;;;;
#define;;716;ITM_N_TILDE;;;;;;;;;;;
#define;;717;ITM_O_MACRON;;;;;;;;;;;
#define;;718;ITM_O_ACUTE;;;;;;;;;;;
#define;;719;ITM_O_BREVE;;;;;;;;;;;
#define;;720;ITM_O_GRAVE;;;;;;;;;;;
#define;;721;ITM_O_DIARESIS;;;;;;;;;;;
#define;;722;ITM_O_TILDE;;;;;;;;;;;
#define;;723;ITM_O_CIRC;;;;;;;;;;;
#define;;724;ITM_O_STROKE;;;;;;;;;;;
#define;;725;ITM_OE;;;;;;;;;;;
#define;;726;ITM_0726;;;;;;;;;;;
#define;;727;ITM_0727;;;;;;;;;;;
#define;;728;ITM_S_SHARP;;;;;;;;;;;
#define;;729;ITM_S_ACUTE;;;;;;;;;;;
#define;;730;ITM_S_CARON;;;;;;;;;;;
#define;;731;ITM_S_CEDILLA;;;;;;;;;;;
#define;;732;ITM_T_CARON;;;;;;;;;;;
#define;;733;ITM_T_CEDILLA;;;;;;;;;;;
#define;;734;ITM_U_MACRON;;;;;;;;;;;
#define;;735;ITM_U_ACUTE;;;;;;;;;;;
#define;;736;ITM_U_BREVE;;;;;;;;;;;
#define;;737;ITM_U_GRAVE;;;;;;;;;;;
#define;;738;ITM_U_DIARESIS;;;;;;;;;;;
#define;;739;ITM_U_TILDE;;;;;;;;;;;
#define;;740;ITM_U_CIRC;;;;;;;;;;;
#define;;741;ITM_U_RING;;;;;;;;;;;
#define;;742;ITM_W_CIRC;;;;;;;;;;;
#define;;743;ITM_0743;;;;;;;;;;;
#define;;744;ITM_0744;;;;;;;;;;;
#define;;745;ITM_0745;;;;;;;;;;;
#define;;746;ITM_Y_CIRC;;;;;;;;;;;
#define;;747;ITM_Y_ACUTE;;;;;;;;;;;
#define;;748;ITM_Y_DIARESIS;;;;;;;;;;;
#define;;749;ITM_Z_ACUTE;;;;;;;;;;;
#define;;750;ITM_Z_CARON;;;;;;;;;;;
#define;;751;ITM_Z_DOT;;;;;;;;;;;
#define;;752;ITM_0752;;;;;;;;;;;
#define;;753;ITM_0753;;;;;;;;;;;
#define;;754;ITM_0754;;;;;;;;;;;
#define;;755;ITM_0755;;;;;;;;;;;
#define;;756;ITM_0756;;;;;;;;;;;
#define;;757;ITM_0757;;;;;;;;;;;
#define;;758;ITM_a_MACRON;;;;;;;;;;;
#define;;759;ITM_a_ACUTE;;;;;;;;;;;
#define;;760;ITM_a_BREVE;;;;;;;;;;;
#define;;761;ITM_a_GRAVE;;;;;;;;;;;
#define;;762;ITM_a_DIARESIS;;;;;;;;;;;
#define;;763;ITM_a_TILDE;;;;;;;;;;;
#define;;764;ITM_a_CIRC;;;;;;;;;;;
#define;;765;ITM_a_RING;;;;;;;;;;;
#define;;766;ITM_ae;;;;;;;;;;;
#define;;767;ITM_a_OGONEK;;;;;;;;;;;
#define;;768;ITM_c_ACUTE;;;;;;;;;;;
#define;;769;ITM_c_CARON;;;;;;;;;;;
#define;;770;ITM_c_CEDILLA;;;;;;;;;;;
#define;;771;ITM_d_STROKE;;;;;;;;;;;
#define;;772;ITM_d_APOSTROPHE;;;;;;;;;;;
#define;;773;ITM_e_MACRON;;;;;;;;;;;
#define;;774;ITM_e_ACUTE;;;;;;;;;;;
#define;;775;ITM_e_BREVE;;;;;;;;;;;
#define;;776;ITM_e_GRAVE;;;;;;;;;;;
#define;;777;ITM_e_DIARESIS;;;;;;;;;;;
#define;;778;ITM_e_CIRC;;;;;;;;;;;
#define;;779;ITM_e_OGONEK;;;;;;;;;;;
#define;;780;ITM_g_BREVE;;;;;;;;;;;
#define;;781;ITM_h_STROKE;;;;;;;;;;;
#define;;782;ITM_i_MACRON;;;;;;;;;;;
#define;;783;ITM_i_ACUTE;;;;;;;;;;;
#define;;784;ITM_i_BREVE;;;;;;;;;;;
#define;;785;ITM_i_GRAVE;;;;;;;;;;;
#define;;786;ITM_i_DIARESIS;;;;;;;;;;;
#define;;787;ITM_i_CIRC;;;;;;;;;;;
#define;;788;ITM_i_OGONEK;;;;;;;;;;;
#define;;789;ITM_i_DOT;;;;;;;;;;;
#define;;790;ITM_i_DOTLESS;;;;;;;;;;;
#define;;791;ITM_l_STROKE;;;;;;;;;;;
#define;;792;ITM_l_ACUTE;;;;;;;;;;;
#define;;793;ITM_l_APOSTROPHE;;;;;;;;;;;
#define;;794;ITM_n_ACUTE;;;;;;;;;;;
#define;;795;ITM_n_CARON;;;;;;;;;;;
#define;;796;ITM_n_TILDE;;;;;;;;;;;
#define;;797;ITM_o_MACRON;;;;;;;;;;;
#define;;798;ITM_o_ACUTE;;;;;;;;;;;
#define;;799;ITM_o_BREVE;;;;;;;;;;;
#define;;800;ITM_o_GRAVE;;;;;;;;;;;
#define;;801;ITM_o_DIARESIS;;;;;;;;;;;
#define;;802;ITM_o_TILDE;;;;;;;;;;;
#define;;803;ITM_o_CIRC;;;;;;;;;;;
#define;;804;ITM_o_STROKE;;;;;;;;;;;
#define;;805;ITM_oe;;;;;;;;;;;
#define;;806;ITM_r_CARON;;;;;;;;;;;
#define;;807;ITM_r_ACUTE;;;;;;;;;;;
#define;;808;ITM_s_SHARP;;;;;;;;;;;
#define;;809;ITM_s_ACUTE;;;;;;;;;;;
#define;;810;ITM_s_CARON;;;;;;;;;;;
#define;;811;ITM_s_CEDILLA;;;;;;;;;;;
#define;;812;ITM_t_APOSTROPHE;;;;;;;;;;;
#define;;813;ITM_t_CEDILLA;;;;;;;;;;;
#define;;814;ITM_u_MACRON;;;;;;;;;;;
#define;;815;ITM_u_ACUTE;;;;;;;;;;;
#define;;816;ITM_u_BREVE;;;;;;;;;;;
#define;;817;ITM_u_GRAVE;;;;;;;;;;;
#define;;818;ITM_u_DIARESIS;;;;;;;;;;;
#define;;819;ITM_u_TILDE;;;;;;;;;;;
#define;;820;ITM_u_CIRC;;;;;;;;;;;
#define;;821;ITM_u_RING;;;;;;;;;;;
#define;;822;ITM_w_CIRC;;;;;;;;;;;
#define;;823;ITM_x_BAR;;;;;;;;;;;
#define;;824;ITM_x_CIRC;;;;;;;;;;;
#define;;825;ITM_y_BAR;;;;;;;;;;;
#define;;826;ITM_y_CIRC;;;;;;;;;;;
#define;;827;ITM_y_ACUTE;;;;;;;;;;;
#define;;828;ITM_y_DIARESIS;;;;;;;;;;;
#define;;829;ITM_z_ACUTE;;;;;;;;;;;
#define;;830;ITM_z_CARON;;;;;;;;;;;
#define;;831;ITM_z_DOT;;;;;;;;;;;
#define;;832;ITM_0832;;;;;;;;;;;
#define;;833;ITM_0833;;;;;;;;;;;
#define;;834;ITM_0834;;;;;;;;;;;
#define;;835;ITM_0835;;;;;;;;;;;
#define;;836;ITM_0836;;;;;;;;;;;
#define;;837;ITM_0837;;;;;;;;;;;
#define;;838;ITM_SUB_alpha;;;;;;;;;;;
#define;;839;ITM_SUB_delta;;;;;;;;;;;
#define;;840;ITM_SUB_mu;;;;;;;;;;;
#define;;841;ITM_SUB_SUN;;;;;;;;;;;
#define;;842;ITM_SUB_SUN_b;;;;;;;;;;;
#define;;843;ITM_SUB_EARTH;;;;;;;;;;;
#define;;844;ITM_SUB_EARTH_b;;;;;;;;;;;
#define;;845;ITM_SUB_PLUS;;;;;;;;;;;
#define;;846;ITM_SUB_MINUS;;;;;;;;;;;
#define;;847;ITM_SUB_INFINITY;;;;;;;;;;;
#define;;848;ITM_SUB_0;;;;;;;;;;;
#define;;849;ITM_SUB_1;;;;;;;;;;;
#define;;850;ITM_SUB_2;;;;;;;;;;;
#define;;851;ITM_SUB_3;;;;;;;;;;;
#define;;852;ITM_SUB_4;;;;;;;;;;;
#define;;853;ITM_SUB_5;;;;;;;;;;;
#define;;854;ITM_SUB_6;;;;;;;;;;;
#define;;855;ITM_SUB_7;;;;;;;;;;;
#define;;856;ITM_SUB_8;;;;;;;;;;;
#define;;857;ITM_SUB_9;;;;;;;;;;;
#define;;858;ITM_SUB_10;;;;;;;;;;;
#define;;859;ITM_SUB_A;;;;;;;;;;;
#define;;860;ITM_SUB_B;;;;;;;;;;;
#define;;861;ITM_SUB_C;;;;;;;;;;;
#define;;862;ITM_SUB_D;;;;;;;;;;;
#define;;863;ITM_SUB_E;;;;;;;;;;;
#define;;864;ITM_SUB_F;;;;;;;;;;;
#define;;865;ITM_SUB_G;;;;;;;;;;;
#define;;866;ITM_SUB_H;;;;;;;;;;;
#define;;867;ITM_SUB_I;;;;;;;;;;;
#define;;868;ITM_SUB_J;;;;;;;;;;;
#define;;869;ITM_SUB_K;;;;;;;;;;;
#define;;870;ITM_SUB_L;;;;;;;;;;;
#define;;871;ITM_SUB_M;;;;;;;;;;;
#define;;872;ITM_SUB_N;;;;;;;;;;;
#define;;873;ITM_SUB_O;;;;;;;;;;;
#define;;874;ITM_SUB_P;;;;;;;;;;;
#define;;875;ITM_SUB_Q;;;;;;;;;;;
#define;;876;ITM_SUB_R;;;;;;;;;;;
#define;;877;ITM_SUB_S;;;;;;;;;;;
#define;;878;ITM_SUB_T;;;;;;;;;;;
#define;;879;ITM_SUB_U;;;;;;;;;;;
#define;;880;ITM_SUB_V;;;;;;;;;;;
#define;;881;ITM_SUB_W;;;;;;;;;;;
#define;;882;ITM_SUB_X;;;;;;;;;;;
#define;;883;ITM_SUB_Y;;;;;;;;;;;
#define;;884;ITM_SUB_Z;;;;;;;;;;;
#define;;885;ITM_SUB_E_OUTLINE;;;;;;;;;;;
#define;;886;ITM_SUB_a;;;;;;;;;;;
#define;;887;ITM_SUB_b;;;;;;;;;;;
#define;;888;ITM_SUB_c;;;;;;;;;;;
#define;;889;ITM_SUB_d;;;;;;;;;;;
#define;;890;ITM_SUB_e;;;;;;;;;;;
#define;;891;ITM_SUB_h;;;;;;;;;;;
#define;;892;ITM_SUB_i;;;;;;;;;;;
#define;;893;ITM_SUB_j;;;;;;;;;;;
#define;;894;ITM_SUB_k;;;;;;;;;;;
#define;;895;ITM_SUB_l;;;;;;;;;;;
#define;;896;ITM_SUB_m;;;;;;;;;;;
#define;;897;ITM_SUB_n;;;;;;;;;;;
#define;;898;ITM_SUB_o;;;;;;;;;;;
#define;;899;ITM_SUB_p;;;;;;;;;;;
#define;;900;ITM_SUB_q;;;;;;;;;;;
#define;;901;ITM_SUB_s;;;;;;;;;;;
#define;;902;ITM_SUB_t;;;;;;;;;;;
#define;;903;ITM_SUB_u;;;;;;;;;;;
#define;;904;ITM_SUB_v;;;;;;;;;;;
#define;;905;ITM_SUB_w;;;;;;;;;;;
#define;;906;ITM_SUB_x;;;;;;;;;;;
#define;;907;ITM_SUB_y;;;;;;;;;;;
#define;;908;ITM_SUB_z;;;;;;;;;;;
#define;;909;ITM_SUB_a_b;;;;;;;;;;;
#define;;910;ITM_SUB_e_b;;;;;;;;;;;
#define;;911;ITM_SUB_k_b;;;;;;;;;;;
#define;;912;ITM_SUB_l_b;;;;;;;;;;;
#define;;913;ITM_SUB_m_b;;;;;;;;;;;
#define;;914;ITM_SUB_n_b;;;;;;;;;;;
#define;;915;ITM_SUB_o_b;;;;;;;;;;;
#define;;916;ITM_SUB_p_b;;;;;;;;;;;
#define;;917;ITM_SUB_s_b;;;;;;;;;;;
#define;;918;ITM_SUB_u_b;;;;;;;;;;;
#define;;919;ITM_SUB_x_b;;;;;;;;;;;
#define;;920;ITM_SUP_PLUS;;;;;;;;;;;
#define;;921;ITM_SUP_MINUS;;;;;;;;;;;
#define;;922;ITM_SUP_MINUS_1;;;;;;;;;;;
#define;;923;ITM_SUP_INFINITY;;;;;;;;;;;
#define;;924;ITM_SUP_ASTERISK;;;;;;;;;;;
#define;;925;ITM_SUP_0;;;;;;;;;;;
#define;;926;ITM_SUP_1;;;;;;;;;;;
#define;;927;ITM_SUP_2;;;;;;;;;;;
#define;;928;ITM_SUP_3;;;;;;;;;;;
#define;;929;ITM_SUP_4;;;;;;;;;;;
#define;;930;ITM_SUP_5;;;;;;;;;;;
#define;;931;ITM_SUP_6;;;;;;;;;;;
#define;;932;ITM_SUP_7;;;;;;;;;;;
#define;;933;ITM_SUP_8;;;;;;;;;;;
#define;;934;ITM_SUP_9;;;;;;;;;;;
#define;;935;ITM_0935;;;;;;;;;;;
#define;;936;ITM_SUP_T;;;;;;;;;;;
#define;;937;ITM_SUP_a;;;;;;;;;;;
#define;;938;ITM_SUP_f;;;;;;;;;;;
#define;;939;ITM_SUP_g;;;;;;;;;;;
#define;;940;ITM_SUP_h;;;;;;;;;;;
#define;;941;ITM_SUP_r;;;;;;;;;;;
#define;;942;ITM_SUP_x;;;;;;;;;;;
#define;;943;ITM_SPACE;;;;;;;;;;;
#define;;944;ITM_EXCLAMATION_MARK;;;;;;;;;;;
#define;;945;ITM_DOUBLE_QUOTE;;;;;;;;;;;
#define;;946;ITM_NUMBER_SIGN;;;;;;;;;;;
#define;;947;ITM_DOLLAR;;;;;;;;;;;
#define;;948;ITM_PERCENT;;;;;;;;;;;
#define;;949;ITM_AMPERSAND;;;;;;;;;;;
#define;;950;ITM_QUOTE;;;;;;;;;;;
#define;;951;ITM_LEFT_PARENTHESIS;;;;;;;;;;;
#define;;952;ITM_RIGHT_PARENTHESIS;;;;;;;;;;;
#define;;953;ITM_ASTERISK;;;;;;;;;;;
#define;;954;ITM_0954;;;;;;;;;;;
#define;;955;ITM_PLUS;;;;;;;;;;;
#define;;956;ITM_COMMA;;;;;;;;;;;
#define;;957;ITM_MINUS;;;;;;;;;;;
#define;;958;ITM_PERIOD;;;;;;;;;;;
#define;;959;ITM_SLASH;;;;;;;;;;;
#define;;960;ITM_COLON;;;;;;;;;;;
#define;;961;ITM_SEMICOLON;;;;;;;;;;;
#define;;962;ITM_LESS_THAN;;;;;;;;;;;
#define;;963;ITM_EQUAL;;;;;;;;;;;
#define;;964;ITM_GREATER_THAN;;;;;;;;;;;
#define;;965;ITM_QUESTION_MARK;;;;;;;;;;;
#define;;966;ITM_AT;;;;;;;;;;;
#define;;967;ITM_LEFT_SQUARE_BRACKET;;;;;;;;;;;
#define;;968;ITM_BACK_SLASH;;;;;;;;;;;
#define;;969;ITM_RIGHT_SQUARE_BRACKET;;;;;;;;;;;
#define;;970;ITM_CIRCUMFLEX;;;;;;;;;;;
#define;;971;ITM_UNDERSCORE;;;;;;;;;;;
#define;;972;ITM_LEFT_CURLY_BRACKET;;;;;;;;;;;
#define;;973;ITM_PIPE;;;;;;;;;;;
#define;;974;ITM_RIGHT_CURLY_BRACKET;;;;;;;;;;;
#define;;975;ITM_TILDE;;;;;;;;;;;
#define;;976;ITM_INVERTED_EXCLAMATION_MARK;;;;;;;;;;;
#define;;977;ITM_CENT;;;;;;;;;;;
#define;;978;ITM_POUND;;;;;;;;;;;
#define;;979;ITM_YEN;;;;;;;;;;;
#define;;980;ITM_SECTION;;;;;;;;;;;
#define;;981;ITM_OVERFLOW_CARRY;;;;;;;;;;;
#define;;982;ITM_LEFT_DOUBLE_ANGLE;;;;;;;;;;;
#define;;983;ITM_NOT;;;;;;;;;;;
#define;;984;ITM_DEGREE;;;;;;;;;;;
#define;;985;ITM_PLUS_MINUS;;;;;;;;;;;
#define;;986;ITM_mu_b;;;;;;;;;;;
#define;;987;ITM_DOT;;;;;;;;;;;
#define;;988;ITM_ORDINAL;;;;;;;;;;;
#define;;989;ITM_RIGHT_DOUBLE_ANGLE;;;;;;;;;;;
#define;;990;ITM_ONE_HALF;;;;;;;;;;;
#define;;991;ITM_ONE_QUARTER;;;;;;;;;;;
#define;;992;ITM_INVERTED_QUESTION_MARK;;;;;;;;;;;
#define;;993;ITM_ETH;;;;;;;;;;;
#define;;994;ITM_CROSS;;;;;;;;;;;
#define;;995;ITM_eth;;;;;;;;;;;
#define;;996;ITM_OBELUS;;;;;;;;;;;
#define;;997;ITM_E_DOT;;;;;;;;;;;
#define;;998;ITM_e_DOT;;;;;;;;;;;
#define;;999;ITM_E_CARON;;;;;;;;;;;
#define;;1000;ITM_e_CARON;;;;;;;;;;;
#define;;1001;ITM_R_ACUTE;;;;;;;;;;;
#define;;1002;ITM_R_CARON;;;;;;;;;;;
#define;;1003;ITM_U_OGONEK;;;;;;;;;;;
#define;;1004;ITM_u_OGONEK;;;;;;;;;;;
#define;;1005;ITM_y_UNDER_ROOT;;;;;;;;;;;
#define;;1006;ITM_x_UNDER_ROOT;;;;;;;;;;;
#define;;1007;ITM_SPACE_EM;;;;;;;;;;;
#define;;1008;ITM_SPACE_3_PER_EM;;;;;;;;;;;
#define;;1009;ITM_SPACE_4_PER_EM;;;;;;;;;;;
#define;;1010;ITM_SPACE_6_PER_EM;;;;;;;;;;;
#define;;1011;ITM_SPACE_FIGURE;;;;;;;;;;;
#define;;1012;ITM_SPACE_PUNCTUATION;;;;;;;;;;;
#define;;1013;ITM_SPACE_HAIR;;;;;;;;;;;
#define;;1014;ITM_LEFT_SINGLE_QUOTE;;;;;;;;;;;
#define;;1015;ITM_RIGHT_SINGLE_QUOTE;;;;;;;;;;;
#define;;1016;ITM_SINGLE_LOW_QUOTE;;;;;;;;;;;
#define;;1017;ITM_SINGLE_HIGH_QUOTE;;;;;;;;;;;
#define;;1018;ITM_LEFT_DOUBLE_QUOTE;;;;;;;;;;;
#define;;1019;ITM_RIGHT_DOUBLE_QUOTE;;;;;;;;;;;
#define;;1020;ITM_DOUBLE_LOW_QUOTE;;;;;;;;;;;
#define;;1021;ITM_DOUBLE_HIGH_QUOTE;;;;;;;;;;;
#define;;1022;ITM_ELLIPSIS;;;;;;;;;;;
#define;;1023;ITM_ONE;;;;;;;;;;;
#define;;1024;ITM_EURO;;;;;;;;;;;
#define;;1025;ITM_COMPLEX_C;;;;;;;;;;;
#define;;1026;ITM_PLANCK;;;;;;;;;;;
#define;;1027;ITM_PLANCK_2PI;;;;;;;;;;;
#define;;1028;ITM_NATURAL_N;;;;;;;;;;;
#define;;1029;ITM_RATIONAL_Q;;;;;;;;;;;
#define;;1030;ITM_REAL_R;;;;;;;;;;;
#define;;1031;ITM_LEFT_ARROW;;;;;;;;;;;
#define;;1032;ITM_UP_ARROW;;;;;;;;;;;
#define;;1033;ITM_1033;;;;;;;;;;;
#define;;1034;ITM_RIGHT_ARROW;;;;;;;;;;;
#define;;1035;ITM_DOWN_ARROW;;;;;;;;;;;
#define;;1036;ITM_1036;;;;;;;;;;;
#define;;1037;ITM_SERIAL_IO;;;;;;;;;;;
#define;;1038;ITM_RIGHT_SHORT_ARROW;;;;;;;;;;;
#define;;1039;ITM_LEFT_RIGHT_ARROWS;;;;;;;;;;;
#define;;1040;ITM_BST_SIGN;;;;;;;;;;;
#define;;1041;ITM_SST_SIGN;;;;;;;;;;;
#define;;1042;ITM_HAMBURGER;;;;;;;;;;;
#define;;1043;ITM_UNDO_SIGN;;;;;;;;;;;
#define;;1044;ITM_FOR_ALL;;;;;;;;;;;
#define;;1045;ITM_COMPLEMENT;;;;;;;;;;;
#define;;1046;ITM_PARTIAL_DIFF;;;;;;;;;;;
#define;;1047;ITM_THERE_EXISTS;;;;;;;;;;;
#define;;1048;ITM_THERE_DOES_NOT_EXIST;;;;;;;;;;;
#define;;1049;ITM_EMPTY_SET;;;;;;;;;;;
#define;;1050;ITM_INCREMENT;;;;;;;;;;;
#define;;1051;ITM_NABLA;;;;;;;;;;;
#define;;1052;ITM_ELEMENT_OF;;;;;;;;;;;
#define;;1053;ITM_NOT_ELEMENT_OF;;;;;;;;;;;
#define;;1054;ITM_CONTAINS;;;;;;;;;;;
#define;;1055;ITM_DOES_NOT_CONTAIN;;;;;;;;;;;
#define;;1056;ITM_ZERO;;;;;;;;;;;
#define;;1057;ITM_PRODUCT;;;;;;;;;;;
#define;;1058;ITM_1058;;;;;;;;;;;
#define;;1059;ITM_1059;;;;;;;;;;;
#define;;1060;ITM_MINUS_PLUS;;;;;;;;;;;
#define;;1061;ITM_1061;;;;;;;;;;;
#define;;1062;ITM_1062;;;;;;;;;;;
#define;;1063;ITM_RING;;;;;;;;;;;
#define;;1064;ITM_BULLET;;;;;;;;;;;
#define;;1065;ITM_SQUARE_ROOT;;;;;;;;;;;
#define;;1066;ITM_CUBE_ROOT;;;;;;;;;;;
#define;;1067;ITM_xTH_ROOT;;;;;;;;;;;
#define;;1068;ITM_PROPORTIONAL;;;;;;;;;;;
#define;;1069;ITM_INFINITY;;;;;;;;;;;
#define;;1070;ITM_RIGHT_ANGLE;;;;;;;;;;;
#define;;1071;ITM_ANGLE_SIGN;;;;;;;;;;;
#define;;1072;ITM_MEASURED_ANGLE;;;;;;;;;;;
#define;;1073;ITM_DIVIDES;;;;;;;;;;;
#define;;1074;ITM_DOES_NOT_DIVIDE;;;;;;;;;;;
#define;;1075;ITM_PARALLEL_SIGN;;;;;;;;;;;
#define;;1076;ITM_NOT_PARALLEL;;;;;;;;;;;
#define;;1077;ITM_AND;;;;;;;;;;;
#define;;1078;ITM_OR;;;;;;;;;;;
#define;;1079;ITM_INTERSECTION;;;;;;;;;;;
#define;;1080;ITM_UNION;;;;;;;;;;;
#define;;1081;ITM_INTEGRAL_SIGN;;;;;;;;;;;
#define;;1082;ITM_DOUBLE_INTEGRAL;;;;;;;;;;;
#define;;1083;ITM_CONTOUR_INTEGRAL;;;;;;;;;;;
#define;;1084;ITM_SURFACE_INTEGRAL;;;;;;;;;;;
#define;;1085;ITM_RATIO;;;;;;;;;;;
#define;;1086;ITM_CHECK_MARK;;;;;;;;;;;
#define;;1087;ITM_ASYMPOTICALLY_EQUAL;;;;;;;;;;;
#define;;1088;ITM_ALMOST_EQUAL;;;;;;;;;;;
#define;;1089;ITM_COLON_EQUALS;;;;;;;;;;;
#define;;1090;ITM_CORRESPONDS_TO;;;;;;;;;;;
#define;;1091;ITM_ESTIMATES;;;;;;;;;;;
#define;;1092;ITM_NOT_EQUAL;;;;;;;;;;;
#define;;1093;ITM_IDENTICAL_TO;;;;;;;;;;;
#define;;1094;ITM_LESS_EQUAL;;;;;;;;;;;
#define;;1095;ITM_GREATER_EQUAL;;;;;;;;;;;
#define;;1096;ITM_MUCH_LESS;;;;;;;;;;;
#define;;1097;ITM_MUCH_GREATER;;;;;;;;;;;
#define;;1098;ITM_SUN;;;;;;;;;;;
#define;;1099;ITM_DOWN_TACK;;;;;;;;;;;
#define;;1100;ITM_PERPENDICULAR;;;;;;;;;;;
#define;;1101;ITM_XOR;;;;;;;;;;;
#define;;1102;ITM_NAND;;;;;;;;;;;
#define;;1103;ITM_NOR;;;;;;;;;;;
#define;;1104;ITM_WATCH;;;;;;;;;;;
#define;;1105;ITM_HOURGLASS;;;;;;;;;;;
#define;;1106;ITM_PRINTER;;;;;;;;;;;
#define;;1107;ITM_MAT_TL;;;;;;;;;;;
#define;;1108;ITM_MAT_ML;;;;;;;;;;;
#define;;1109;ITM_MAT_BL;;;;;;;;;;;
#define;;1110;ITM_MAT_TR;;;;;;;;;;;
#define;;1111;ITM_MAT_MR;;;;;;;;;;;
#define;;1112;ITM_MAT_BR;;;;;;;;;;;
#define;;1113;ITM_OBLIQUE1;;;;;;;;;;;
#define;;1114;ITM_OBLIQUE2;;;;;;;;;;;
#define;;1115;ITM_OBLIQUE3;;;;;;;;;;;
#define;;1116;ITM_OBLIQUE4;;;;;;;;;;;
#define;;1117;ITM_CURSOR;;;;;;;;;;;
#define;;1118;ITM_PERIOD34;;;;;;;;;;;
#define;;1119;ITM_COMMA34;;;;;;;;;;;
#define;;1120;ITM_BATTERY;;;;;;;;;;;
#define;;1121;ITM_PGM_BEGIN;;;;;;;;;;;
#define;;1122;ITM_USER_MODE;;;;;;;;;;;
#define;;1123;ITM_UK;;;;;;;;;;;
#define;;1124;ITM_US;;;;;;;;;;;
#define;;1125;ITM_NEG_EXCLAMATION_MARK;;;;;;;;;;;
#define;;1126;ITM_ex;;;;;;;;;;;
#define;;1127;ITM_Max;;;;;;;;;;;
#define;;1128;ITM_Min;;;;;;;;;;;
#define;;1129;ITM_Config;;;;;;;;;;;
#define;;1130;ITM_Stack;;;;;;;;;;;
#define;;1131;ITM_dddEL;;;;;;;;;;;
#define;;1132;ITM_dddIJ;;;;;;;;;;;
#define;;1133;ITM_0P;;;;;;;;;;;
#define;;1134;ITM_1P;;;;;;;;;;;
#define;;1135;ITM_EXPONENT;;;;;;;;;;;
#define;;1136;ITM_HEX;;;;;;;;;;;
#define;;1137;ITM_1137;;;;;;;;;;;
#define;;1138;ITM_1138;;;;;;;;;;;
#define;;1139;ITM_1139;;;;;;;;;;;
#define;;1140;ITM_1140;;;;;;;;;;;
#define;;1141;ITM_1141;;;;;;;;;;;
#define;;1142;ITM_1142;;;;;;;;;;;
#define;;1143;ITM_1143;;;;;;;;;;;
#define;;1144;ITM_1144;;;;;;;;;;;
#define;;1145;ITM_1145;;;;;;;;;;;
#define;;1146;ITM_1146;;;;;;;;;;;
#define;;1147;ITM_1147;;;;;;;;;;;
#define;;1148;ITM_1148;;;;;;;;;;;
#define;;1149;ITM_1149;;;;;;;;;;;
#define;;1150;ITM_1150;;;;;;;;;;;
#define;;1151;ITM_1151;;;;;;;;;;;
#define;;1152;ITM_1152;;;;;;;;;;;
#define;;1153;ITM_1153;;;;;;;;;;;
#define;;1154;ITM_1154;;;;;;;;;;;
#define;;1155;ITM_1155;;;;;;;;;;;
#define;;1156;ITM_1156;;;;;;;;;;;
#define;;1157;ITM_1157;;;;;;;;;;;
#define;;1158;ITM_1158;;;;;;;;;;;
#define;;1159;ITM_1159;;;;;;;;;;;
#define;;1160;ITM_1160;;;;;;;;;;;
#define;;1161;ITM_1161;;;;;;;;;;;
#define;;1162;ITM_1162;;;;;;;;;;;
#define;;1163;ITM_1163;;;;;;;;;;;
#define;;1164;ITM_1164;;;;;;;;;;;
;;;;;;;;;;;;;;
;;;;;;;;;;;;;;
//;;variables;Reserved;;;;;;;;;;;
#define;;1165;ITM_REGI;;;;;;;;;;;
#define;;1166;ITM_REGJ;;;;;;;;;;;
#define;;1167;ITM_REGK;;;;;;;;;;;
#define;;1168;ITM_REGL;;;;;;;;;;;
#define;;1169;ITM_REGA;;;;;;;;;;;
#define;;1170;ITM_ACC;;;;;;;;;;;
#define;;1171;ITM_REGB;;;;;;;;;;;
#define;;1172;ITM_REGC;;;;;;;;;;;
#define;;1173;ITM_REGD;;;;;;;;;;;
#define;;1174;ITM_FV;;;;;;;;;;;
#define;;1175;ITM_IPCA;;;;;;;;;;;
#define;;1176;ITM_MATA;;;;;;;;;;;
#define;;1177;ITM_MATB;;;;;;;;;;;
#define;;1178;ITM_NPER;;;;;;;;;;;
#define;;1179;ITM_PERonA;;;;;;;;;;;
#define;;1180;ITM_PMT;;;;;;;;;;;
#define;;1181;ITM_PV;;;;;;;;;;;
#define;;1182;ITM_REGS;;;;;;;;;;;
#define;;1183;ITM_ULIM;;;;;;;;;;;
#define;;1184;ITM_DLIM;;;;;;;;;;;
#define;;1185;ITM_1185;;;;;;;;;;;
#define;;1186;ITM_1186;;;;;;;;;;;
#define;;1187;ITM_1187;;;;;;;;;;;
#define;;1188;ITM_1188;;;;;;;;;;;
#define;;1189;ITM_1189;;;;;;;;;;;
#define;;1190;ITM_1190;;;;;;;;;;;
#define;;1191;ITM_1191;;;;;;;;;;;
#define;;1192;ITM_1192;;;;;;;;;;;
#define;;1193;ITM_1193;;;;;;;;;;;
#define;;1194;ITM_1194;;;;;;;;;;;
#define;;1195;ITM_1195;;;;;;;;;;;
#define;;1196;ITM_1196;;;;;;;;;;;
;;;;;;;;;;;;;;
;;;;;;;;;;;;;;
//;;distributions;Probability;;;;;;;;;;;
#define;;1197;MNU_BINOM;;;;;;;;;;;
#define;;1198;ITM_BINOMP;;;;;;;;;;;
#define;;1199;ITM_BINOM;;;;;;;;;;;
#define;;1200;ITM_BINOMU;;;;;;;;;;;
#define;;1201;ITM_BINOMM1;;;;;;;;;;;
#define;;1202;MNU_CAUCH;;;;;;;;;;;
#define;;1203;ITM_CAUCHP;;;;;;;;;;;
#define;;1204;ITM_CAUCH;;;;;;;;;;;
#define;;1205;ITM_CAUCHU;;;;;;;;;;;
#define;;1206;ITM_CAUCHM1;;;;;;;;;;;
#define;;1207;MNU_EXPON;;;;;;;;;;;
#define;;1208;ITM_EXPONP;;;;;;;;;;;
#define;;1209;ITM_EXPON;;;;;;;;;;;
#define;;1210;ITM_EXPONU;;;;;;;;;;;
#define;;1211;ITM_EXPONM1;;;;;;;;;;;
#define;;1212;MNU_F;;;;;;;;;;;
#define;;1213;ITM_FPX;;;;;;;;;;;
#define;;1214;ITM_FX;;;;;;;;;;;
#define;;1215;ITM_FUX;;;;;;;;;;;
#define;;1216;ITM_FM1P;;;;;;;;;;;
#define;;1217;MNU_GEOM;;;;;;;;;;;
#define;;1218;ITM_GEOMP;;;;;;;;;;;
#define;;1219;ITM_GEOM;;;;;;;;;;;
#define;;1220;ITM_GEOMU;;;;;;;;;;;
#define;;1221;ITM_GEOMM1;;;;;;;;;;;
#define;;1222;MNU_HYPER;;;;;;;;;;;
#define;;1223;ITM_HYPERP;;;;;;;;;;;
#define;;1224;ITM_HYPER;;;;;;;;;;;
#define;;1225;ITM_HYPERU;;;;;;;;;;;
#define;;1226;ITM_HYPERM1;;;;;;;;;;;
#define;;1227;MNU_LGNRM;;;;;;;;;;;
#define;;1228;ITM_LGNRMP;;;;;;;;;;;
#define;;1229;ITM_LGNRM;;;;;;;;;;;
#define;;1230;ITM_LGNRMU;;;;;;;;;;;
#define;;1231;ITM_LGNRMM1;;;;;;;;;;;
#define;;1232;MNU_LOGIS;;;;;;;;;;;
#define;;1233;ITM_LOGISP;;;;;;;;;;;
#define;;1234;ITM_LOGIS;;;;;;;;;;;
#define;;1235;ITM_LOGISU;;;;;;;;;;;
#define;;1236;ITM_LOGISM1;;;;;;;;;;;
#define;;1237;MNU_NBIN;;;;;;;;;;;
#define;;1238;ITM_NBINP;;;;;;;;;;;
#define;;1239;ITM_NBIN;;;;;;;;;;;
#define;;1240;ITM_NBINU;;;;;;;;;;;
#define;;1241;ITM_NBINM1;;;;;;;;;;;
#define;;1242;MNU_NORML;;;;;;;;;;;
#define;;1243;ITM_NORMLP;;;;;;;;;;;
#define;;1244;ITM_NORML;;;;;;;;;;;
#define;;1245;ITM_NORMLU;;;;;;;;;;;
#define;;1246;ITM_NORMLM1;;;;;;;;;;;
#define;;1247;MNU_POISS;;;;;;;;;;;
#define;;1248;ITM_POISSP;;;;;;;;;;;
#define;;1249;ITM_POISS;;;;;;;;;;;
#define;;1250;ITM_POISSU;;;;;;;;;;;
#define;;1251;ITM_POISSM1;;;;;;;;;;;
#define;;1252;MNU_T;;;;;;;;;;;
#define;;1253;ITM_TPX;;;;;;;;;;;
#define;;1254;ITM_TX;;;;;;;;;;;
#define;;1255;ITM_TUX;;;;;;;;;;;
#define;;1256;ITM_TM1P;;;;;;;;;;;
#define;;1257;MNU_WEIBL;;;;;;;;;;;
#define;;1258;ITM_WEIBLP;;;;;;;;;;;
#define;;1259;ITM_WEIBL;;;;;;;;;;;
#define;;1260;ITM_WEIBLU;;;;;;;;;;;
#define;;1261;ITM_WEIBLM1;;;;;;;;;;;
#define;;1262;MNU_CHI2;;;;;;;;;;;
#define;;1263;ITM_chi2Px;;;;;;;;;;;
#define;;1264;ITM_chi2x;;;;;;;;;;;
#define;;1265;ITM_chi2ux;;;;;;;;;;;
#define;;1266;ITM_chi2M1;;;;;;;;;;;
#define;;1267;ITM_1267;;;;;;;;;;;
#define;;1268;ITM_1268;;;;;;;;;;;
#define;;1269;ITM_1269;;;;;;;;;;;
#define;;1270;ITM_1270;;;;;;;;;;;
#define;;1271;ITM_1271;;;;;;;;;;;
#define;;1272;ITM_1272;;;;;;;;;;;
#define;;1273;ITM_1273;;;;;;;;;;;
#define;;1274;ITM_1274;;;;;;;;;;;
#define;;1275;ITM_1275;;;;;;;;;;;
#define;;1276;ITM_1276;;;;;;;;;;;
#define;;1277;ITM_1277;;;;;;;;;;;
#define;;1278;ITM_1278;;;;;;;;;;;
#define;;1279;ITM_1279;;;;;;;;;;;
#define;;1280;ITM_1280;;;;;;;;;;;
#define;;1281;ITM_1281;;;;;;;;;;;
#define;;1282;ITM_1282;;;;;;;;;;;
#define;;1283;ITM_1283;;;;;;;;;;;
#define;;1284;ITM_1284;;;;;;;;;;;
#define;;1285;ITM_1285;;;;;;;;;;;
#define;;1286;ITM_1286;;;;;;;;;;;
;;;;;;;;;;;;;;
;;;;;;;;;;;;;;
//;;fitting;Curve;;;;;;;;;;;
#define;;1287;ITM_BESTF;;;;;;;;;;;
#define;;1288;ITM_EXPF;;;;;;;;;;;
#define;;1289;ITM_LINF;;;;;;;;;;;
#define;;1290;ITM_LOGF;;;;;;;;;;;
#define;;1291;ITM_ORTHOF;;;;;;;;;;;
#define;;1292;ITM_POWERF;;;;;;;;;;;
#define;;1293;ITM_GAUSSF;;;;;;;;;;;
#define;;1294;ITM_CAUCHF;;;;;;;;;;;
#define;;1295;ITM_PARABF;;;;;;;;;;;
#define;;1296;ITM_HYPF;;;;;;;;;;;
#define;;1297;ITM_ROOTF;;;;;;;;;;;
#define;;1298;ITM_1298;;;;;;;;;;;
#define;;1299;ITM_1299;;;;;;;;;;;
#define;;1300;ITM_1300;;;;;;;;;;;
#define;;1301;ITM_1301;;;;;;;;;;;
#define;;1302;ITM_1302;;;;;;;;;;;
;;;;;;;;;;;;;;
;;;;;;;;;;;;;;
//;;;Menus;;;;;;;;;;;
#define;;1303;MNU_ADV;;;;;;;;;;;
#define;;1304;MNU_ANGLES;;;;;;;;;;;
#define;;1305;MNU_PRINT;;;;;;;;;;;
#define;;1306;MNU_CONVA;;;;;;;;;;;
#define;;1307;MNU_BITS;;;;;;;;;;;
#define;;1308;MNU_CATALOG;;;;;;;;;;;
#define;;1309;MNU_CHARS;;;;;;;;;;;
#define;;1310;MNU_CLK;;;;;;;;;;;
#define;;1311;MNU_REGIST;;;;;;;;;;;
#define;;1312;MNU_CLR;;;;;;;;;;;
#define;;1313;MNU_CONST;;;;;;;;;;;
#define;;1314;MNU_CPX;;;;;;;;;;;
#define;;1315;MNU_CPXS;;;;;;;;;;;
#define;;1316;MNU_DATES;;;;;;;;;;;
#define;;1317;MNU_DIGITS;;;;;;;;;;;
#define;;1318;MNU_DSP;;;;;;;;;;;
#define;;1319;MNU_EQN;;;;;;;;;;;
#define;;1320;MNU_EXP;;;;;;;;;;;
#define;;1321;MNU_CONVE;;;;;;;;;;;
#define;;1322;MNU_FCNS;;;;;;;;;;;
#define;;1323;MNU_FIN;;;;;;;;;;;
#define;;1324;MNU_SINTS;;;;;;;;;;;
#define;;1325;MNU_FLAGS;;;;;;;;;;;
#define;;1326;MNU_FLASH;;;;;;;;;;;
#define;;1327;MNU_1STDERIV;;;;;;;;;;;
#define;;1328;MNU_2NDDERIV;;;;;;;;;;;
#define;;1329;MNU_CONVFP;;;;;;;;;;;
#define;;1330;MNU_LINTS;;;;;;;;;;;
#define;;1331;MNU_INFO;;;;;;;;;;;
#define;;1332;MNU_INTS;;;;;;;;;;;
#define;;1333;MNU_IO;;;;;;;;;;;
#define;;1334;MNU_LOOP;;;;;;;;;;;
#define;;1335;MNU_MATRS;;;;;;;;;;;
#define;;1336;MNU_MATX;;;;;;;;;;;
#define;;1337;MNU_MENUS;;;;;;;;;;;
#define;;1338;MNU_MODE;;;;;;;;;;;
#define;;1339;MNU_SIMQ;;;;;;;;;;;
#define;;1340;MNU_M_EDIT;;;;;;;;;;;
#define;;1341;MNU_MyMenu;;;;;;;;;;;
#define;;1342;MNU_MyAlpha;;;;;;;;;;;
#define;;1343;MNU_CONVM;;;;;;;;;;;
#define;;1344;MNU_ORTHOG;;;;;;;;;;;
#define;;1345;MNU_PARTS;;;;;;;;;;;
#define;;1346;MNU_PROB;;;;;;;;;;;
#define;;1347;MNU_PROGS;;;;;;;;;;;
#define;;1348;MNU_PFN;;;;;;;;;;;
#define;;1349;MNU_PFN2;;;;;;;;;;;
#define;;1350;MNU_CONVP;;;;;;;;;;;
#define;;1351;MNU_RAM;;;;;;;;;;;
#define;;1352;MNU_REALS;;;;;;;;;;;
#define;;1353;MNU_Solver;;;;;;;;;;;
#define;;1354;MNU_STAT;;;;;;;;;;;
#define;;1355;MNU_STK;;;;;;;;;;;
#define;;1356;MNU_STRINGS;;;;;;;;;;;
#define;;1357;MNU_TEST;;;;;;;;;;;
#define;;1358;MNU_TIMES;;;;;;;;;;;
#define;;1359;MNU_TRI;;;;;;;;;;;
#define;;1360;MNU_TVM;;;;;;;;;;;
#define;;1361;MNU_UNITCONV;;;;;;;;;;;
#define;;1362;MNU_VARS;;;;;;;;;;;
#define;;1363;MNU_CONVV;;;;;;;;;;;
#define;;1364;MNU_XFN;;;;;;;;;;;
#define;;1365;MNU_CONVX;;;;;;;;;;;
#define;;1366;MNU_ALPHAINTL;;;;;;;;;;;
#define;;1367;MNU_ALPHAMATH;;;;;;;;;;;
#define;;1368;MNU_ALPHAFN;;;;;;;;;;;
#define;;1369;MNU_ALPHA_OMEGA;;;;;;;;;;;
#define;;1370;MNU_ALPHADOT;;;;;;;;;;;
#define;;1371;MNU_SYSFL;;;;;;;;;;;
#define;;1372;MNU_Sf;;;;;;;;;;;
#define;;1373;MNU_Sfdx;;;;;;;;;;;
#define;;1374;MNU_ANGLECONV;;;;;;;;;;;
#define;;1375;MNU_alpha_omega;;;;;;;;;;;
#define;;1376;MNU_ALPHAintl;;;;;;;;;;;
#define;;1377;MNU_TAM;;;;;;;;;;;
#define;;1378;MNU_TAMCMP;;;;;;;;;;;
#define;;1379;MNU_TAMSTORCL;;;;;;;;;;;
#define;;1380;MNU_SUMS;;;;;;;;;;;
#define;;1381;MNU_VAR;;;;;;;;;;;
#define;;1382;MNU_TAMFLAG;;;;;;;;;;;
#define;;1383;MNU_TAMSHUFFLE;;;;;;;;;;;
#define;;1384;MNU_PROG;;;;;;;;;;;
#define;;1385;MNU_TAMLABEL;;;;;;;;;;;
#define;;1386;MNU_DYNAMIC;;;;;;;;;;;
#define;;1387;ITM_1387;;;;;;;;;;;
#define;;1388;ITM_1388;;;;;;;;;;;
#define;;1389;ITM_1389;;;;;;;;;;;
#define;;1390;ITM_1390;;;;;;;;;;;
#define;;1391;ITM_1391;;;;;;;;;;;
#define;;1392;ITM_1392;;;;;;;;;;;
#define;;1393;ITM_1393;;;;;;;;;;;
;;;;;;;;;;;;;;
;;;;;;;;;;;;;;
#define;;1394;ITM_1COMPL;;;;;;;;;;;
#define;;1395;ITM_SCRDMP;;;;;;;;;;;
#define;;1396;ITM_2COMPL;;;;;;;;;;;
#define;;1397;ITM_ABS;;;;;;;;;;;
#define;;1398;ITM_AGM;;;;;;;;;;;
#define;;1399;ITM_AGRAPH;;;;;;;;;;;
#define;;1400;ITM_ALL;;;;;;;;;;;
#define;;1401;ITM_ASSIGN;;;;;;;;;;;
#define;;1402;ITM_BACK;;;;;;;;;;;
#define;;1403;ITM_BATT;;;;;;;;;;;
#define;;1404;ITM_BEEP;;;;;;;;;;;
#define;;1405;ITM_BEGINP;;;;;;;;;;;
#define;;1406;ITM_BN;;;;;;;;;;;
#define;;1407;ITM_BNS;;;;;;;;;;;
#define;;1408;ITM_CASE;;;;;;;;;;;
#define;;1409;ITM_CLALL;;;;;;;;;;;
#define;;1410;ITM_CLCVAR;;;;;;;;;;;
#define;;1411;ITM_CLFALL;;;;;;;;;;;
#define;;1412;ITM_TGLFRT;;;;;;;;;;;
#define;;1413;ITM_CLLCD;;;;;;;;;;;
#define;;1414;ITM_CLMENU;;;;;;;;;;;
#define;;1415;ITM_CLP;;;;;;;;;;;
#define;;1416;ITM_CLPALL;;;;;;;;;;;
#define;;1417;ITM_CLREGS;;;;;;;;;;;
#define;;1418;ITM_CLSTK;;;;;;;;;;;
#define;;1419;ITM_CLSIGMA;;;;;;;;;;;
#define;;1420;ITM_COMB;;;;;;;;;;;
#define;;1421;ITM_CONJ;;;;;;;;;;;
#define;;1422;ITM_CONVG;;;;;;;;;;;
#define;;1423;ITM_CORR;;;;;;;;;;;
#define;;1424;ITM_COV;;;;;;;;;;;
#define;;1425;ITM_BESTFQ;;;;;;;;;;;
#define;;1426;ITM_CROSS_PROD;;;;;;;;;;;
#define;;1427;ITM_CXtoRE;;;;;;;;;;;
#define;;1428;ITM_DATE;;;;;;;;;;;
#define;;1429;ITM_DATEto;;;;;;;;;;;
#define;;1430;ITM_DAY;;;;;;;;;;;
#define;;1431;ITM_DBLR;;;;;;;;;;;
#define;;1432;ITM_DBLCROSS;;;;;;;;;;;
#define;;1433;ITM_DBLSLASH;;;;;;;;;;;
#define;;1434;ITM_DECOMP;;;;;;;;;;;
#define;;1435;ITM_DEG;;;;;;;;;;;
#define;;1436;ITM_DEGto;;;;;;;;;;;
#define;;1437;ITM_SA;;;;;;;;;;;
#define;;1438;ITM_DENMAX;;;;;;;;;;;
#define;;1439;ITM_DOT_PROD;;;;;;;;;;;
#define;;1440;ITM_DSTACK;;;;;;;;;;;
#define;;1441;ITM_DMS;;;;;;;;;;;
#define;;1442;ITM_DMSto;;;;;;;;;;;
#define;;1443;ITM_DMY;;;;;;;;;;;
#define;;1444;ITM_DtoJ;;;;;;;;;;;
#define;;1445;ITM_DtoR;;;;;;;;;;;
#define;;1446;ITM_EIGVAL;;;;;;;;;;;
#define;;1447;ITM_EIGVEC;;;;;;;;;;;
#define;;1448;ITM_END;;;;;;;;;;;
#define;;1449;ITM_ENDP;;;;;;;;;;;
#define;;1450;ITM_ENG;;;;;;;;;;;
#define;;1451;ITM_ENORM;;;;;;;;;;;
#define;;1452;ITM_ENTRY;;;;;;;;;;;
#define;;1453;ITM_EQ_DEL;;;;;;;;;;;
#define;;1454;ITM_EQ_EDI;;;;;;;;;;;
#define;;1455;ITM_EQ_NEW;;;;;;;;;;;
#define;;1456;ITM_ERF;;;;;;;;;;;
#define;;1457;ITM_ERFC;;;;;;;;;;;
#define;;1458;ITM_ERR;;;;;;;;;;;
#define;;1459;ITM_EXITALL;;;;;;;;;;;
#define;;1460;ITM_EXPT;;;;;;;;;;;
#define;;1461;MNU_PLOT;;;;;;;;;;;
#define;;1462;ITM_FIB;;;;;;;;;;;
#define;;1463;ITM_FIX;;;;;;;;;;;
#define;;1464;ITM_FLASH;;;;;;;;;;;
#define;;1465;ITM_FQX;;;;;;;;;;;
#define;;1466;ITM_FDQX;;;;;;;;;;;
#define;;1467;ITM_GAP;;;;;;;;;;;
#define;;1468;ITM_GD;;;;;;;;;;;
#define;;1469;ITM_GDM1;;;;;;;;;;;
#define;;1470;ITM_GRAD;;;;;;;;;;;
#define;;1471;ITM_GRADto;;;;;;;;;;;
#define;;1472;ITM_GTOP;;;;;;;;;;;
#define;;1473;ITM_HN;;;;;;;;;;;
#define;;1474;ITM_HNP;;;;;;;;;;;
#define;;1475;ITM_IM;;;;;;;;;;;
#define;;1476;ITM_INDEX;;;;;;;;;;;
#define;;1477;ITM_IXYZ;;;;;;;;;;;
#define;;1478;ITM_IGAMMAP;;;;;;;;;;;
#define;;1479;ITM_IGAMMAQ;;;;;;;;;;;
#define;;1480;ITM_IPLUS;;;;;;;;;;;
#define;;1481;ITM_IMINUS;;;;;;;;;;;
#define;;1482;ITM_JYX;;;;;;;;;;;
#define;;1483;ITM_JPLUS;;;;;;;;;;;
#define;;1484;ITM_JMINUS;;;;;;;;;;;
#define;;1485;ITM_JonG;;;;;;;;;;;
#define;;1486;ITM_JtoD;;;;;;;;;;;
#define;;1487;ITM_KEY;;;;;;;;;;;
#define;;1488;ITM_KEYG;;;;;;;;;;;
#define;;1489;ITM_KEYX;;;;;;;;;;;
#define;;1490;ITM_KEYQ;;;;;;;;;;;
#define;;1491;ITM_KTYP;;;;;;;;;;;
#define;;1492;ITM_LASTX;;;;;;;;;;;
#define;;1493;ITM_LBLQ;;;;;;;;;;;
#define;;1494;ITM_LEAP;;;;;;;;;;;
#define;;1495;ITM_Ln;;;;;;;;;;;
#define;;1496;ITM_LNALPHA;;;;;;;;;;;
#define;;1497;ITM_LNBETA;;;;;;;;;;;
#define;;1498;ITM_LNGAMMA;;;;;;;;;;;
#define;;1499;ITM_LOAD;;;;;;;;;;;
#define;;1500;ITM_LOADP;;;;;;;;;;;
#define;;1501;ITM_LOADR;;;;;;;;;;;
#define;;1502;ITM_LOADSS;;;;;;;;;;;
#define;;1503;ITM_LOADSIGMA;;;;;;;;;;;
#define;;1504;ITM_LocR;;;;;;;;;;;
#define;;1505;ITM_LocRQ;;;;;;;;;;;
#define;;1506;ITM_LR;;;;;;;;;;;
#define;;1507;ITM_MANT;;;;;;;;;;;
#define;;1508;ITM_MATX;;;;;;;;;;;
#define;;1509;ITM_MEM;;;;;;;;;;;
#define;;1510;ITM_MENU;;;;;;;;;;;
#define;;1511;ITM_MONTH;;;;;;;;;;;
#define;;1512;ITM_MSG;;;;;;;;;;;
#define;;1513;ITM_MULPI;;;;;;;;;;;
#define;;1514;ITM_MVAR;;;;;;;;;;;
#define;;1515;ITM_M_DELR;;;;;;;;;;;
#define;;1516;ITM_M_DIM;;;;;;;;;;;
#define;;1517;ITM_M_DIMQ;;;;;;;;;;;
#define;;1518;ITM_MDY;;;;;;;;;;;
#define;;1519;ITM_M_EDI;;;;;;;;;;;
#define;;1520;ITM_M_EDIN;;;;;;;;;;;
#define;;1521;ITM_M_GET;;;;;;;;;;;
#define;;1522;ITM_M_GOTO;;;;;;;;;;;
#define;;1523;ITM_M_GROW;;;;;;;;;;;
#define;;1524;ITM_M_INSR;;;;;;;;;;;
#define;;1525;ITM_M_LU;;;;;;;;;;;
#define;;1526;ITM_M_NEW;;;;;;;;;;;
#define;;1527;ITM_M_OLD;;;;;;;;;;;
#define;;1528;ITM_M_PUT;;;;;;;;;;;
#define;;1529;ITM_M_RR;;;;;;;;;;;
#define;;1530;ITM_M_SQR;;;;;;;;;;;
#define;;1531;ITM_M_WRAP;;;;;;;;;;;
#define;;1532;ITM_NOP;;;;;;;;;;;
#define;;1533;ITM_OFF;;;;;;;;;;;
#define;;1534;ITM_PAUSE;;;;;;;;;;;
#define;;1535;ITM_PERM;;;;;;;;;;;
#define;;1536;ITM_PGMINT;;;;;;;;;;;
#define;;1537;ITM_PGMSLV;;;;;;;;;;;
#define;;1538;ITM_PIXEL;;;;;;;;;;;
#define;;1539;ITM_PLOT;;;;;;;;;;;
#define;;1540;ITM_PN;;;;;;;;;;;
#define;;1541;ITM_POINT;;;;;;;;;;;
#define;;1542;ITM_LOADV;;;;;;;;;;;
#define;;1543;ITM_POPLR;;;;;;;;;;;
#define;;1544;ITM_PRCL;;;;;;;;;;;
#define;;1545;ITM_PSTO;;;;;;;;;;;
#define;;1546;ITM_PUTK;;;;;;;;;;;
#define;;1547;ITM_RAD;;;;;;;;;;;
#define;;1548;ITM_RADto;;;;;;;;;;;
#define;;1549;ITM_RAN;;;;;;;;;;;
#define;;1550;ITM_RBR;;;;;;;;;;;
#define;;1551;ITM_RCLCFG;;;;;;;;;;;
#define;;1552;ITM_RCLEL;;;;;;;;;;;
#define;;1553;ITM_RCLIJ;;;;;;;;;;;
#define;;1554;ITM_RCLS;;;;;;;;;;;
#define;;1555;ITM_RDP;;;;;;;;;;;
#define;;1556;ITM_RE;;;;;;;;;;;
#define;;1557;ITM_RECV;;;;;;;;;;;
#define;;1558;ITM_RESET;;;;;;;;;;;
#define;;1559;ITM_REtoCX;;;;;;;;;;;
#define;;1560;ITM_REexIM;;;;;;;;;;;
#define;;1561;ITM_RM;;;;;;;;;;;
#define;;1562;ITM_RMQ;;;;;;;;;;;
#define;;1563;ITM_RMD;;;;;;;;;;;
#define;;1564;ITM_RNORM;;;;;;;;;;;
#define;;1565;ITM_ROUND;;;;;;;;;;;
#define;;1566;ITM_ROUNDI;;;;;;;;;;;
#define;;1567;ITM_RSD;;;;;;;;;;;
#define;;1568;ITM_RSUM;;;;;;;;;;;
#define;;1569;ITM_RTNP1;;;;;;;;;;;
#define;;1570;ITM_R_CLR;;;;;;;;;;;
#define;;1571;ITM_R_COPY;;;;;;;;;;;
#define;;1572;ITM_R_SORT;;;;;;;;;;;
#define;;1573;ITM_R_SWAP;;;;;;;;;;;
#define;;1574;ITM_RtoD;;;;;;;;;;;
#define;;1575;ITM_STDDEVWEIGHTED;;;;;;;;;;;
#define;;1576;ITM_SAVE;;;;;;;;;;;
#define;;1577;ITM_SCI;;;;;;;;;;;
#define;;1578;ITM_SDIGS;;;;;;;;;;;
#define;;1579;ITM_SEED;;;;;;;;;;;
#define;;1580;ITM_SEND;;;;;;;;;;;
#define;;1581;ITM_SETCHN;;;;;;;;;;;
#define;;1582;ITM_SETDAT;;;;;;;;;;;
#define;;1583;ITM_SETEUR;;;;;;;;;;;
#define;;1584;ITM_SETIND;;;;;;;;;;;
#define;;1585;ITM_SETJPN;;;;;;;;;;;
#define;;1586;ITM_SETSIG;;;;;;;;;;;
#define;;1587;ITM_SETTIM;;;;;;;;;;;
#define;;1588;ITM_SETUK;;;;;;;;;;;
#define;;1589;ITM_SETUSA;;;;;;;;;;;
#define;;1590;ITM_SIGN;;;;;;;;;;;
#define;;1591;ITM_SIGNMT;;;;;;;;;;;
#define;;1592;ITM_SIM_EQ;;;;;;;;;;;
#define;;1593;ITM_SKIP;;;;;;;;;;;
#define;;1594;ITM_SLVQ;;;;;;;;;;;
#define;;1595;ITM_SM;;;;;;;;;;;
#define;;1596;ITM_ISM;;;;;;;;;;;
#define;;1597;ITM_SMW;;;;;;;;;;;
#define;;1598;ITM_SOLVE;;;;;;;;;;;
#define;;1599;ITM_SSIZE;;;;;;;;;;;
#define;;1600;ITM_STATUS;;;;;;;;;;;
#define;;1601;ITM_STOCFG;;;;;;;;;;;
#define;;1602;ITM_STOEL;;;;;;;;;;;
#define;;1603;ITM_STOIJ;;;;;;;;;;;
#define;;1604;ITM_STOP;;;;;;;;;;;
#define;;1605;ITM_STOS;;;;;;;;;;;
#define;;1606;ITM_SUM;;;;;;;;;;;
#define;;1607;ITM_SW;;;;;;;;;;;
#define;;1608;ITM_SXY;;;;;;;;;;;
#define;;1609;ITM_TDISP;;;;;;;;;;;
#define;;1610;ITM_TICKS;;;;;;;;;;;
#define;;1611;ITM_TIME;;;;;;;;;;;
#define;;1612;ITM_TIMER;;;;;;;;;;;
#define;;1613;ITM_TN;;;;;;;;;;;
#define;;1614;ITM_TONE;;;;;;;;;;;
#define;;1615;ITM_Tex;;;;;;;;;;;
#define;;1616;ITM_ULP;;;;;;;;;;;
#define;;1617;ITM_UN;;;;;;;;;;;
#define;;1618;ITM_UNITV;;;;;;;;;;;
#define;;1619;ITM_UNSIGN;;;;;;;;;;;
#define;;1620;ITM_VARMNU;;;;;;;;;;;
#define;;1621;ITM_VERS;;;;;;;;;;;
#define;;1622;ITM_VIEW;;;;;;;;;;;
#define;;1623;ITM_WDAY;;;;;;;;;;;
#define;;1624;ITM_WHO;;;;;;;;;;;
#define;;1625;ITM_WM;;;;;;;;;;;
#define;;1626;ITM_WP;;;;;;;;;;;
#define;;1627;ITM_WM1;;;;;;;;;;;
#define;;1628;ITM_WSIZE;;;;;;;;;;;
#define;;1629;ITM_WSIZEQ;;;;;;;;;;;
#define;;1630;ITM_XBAR;;;;;;;;;;;
#define;;1631;ITM_XG;;;;;;;;;;;
#define;;1632;ITM_XW;;;;;;;;;;;
#define;;1633;ITM_XCIRC;;;;;;;;;;;
#define;;1634;ITM_XtoDATE;;;;;;;;;;;
#define;;1635;ITM_XtoALPHA;;;;;;;;;;;
#define;;1636;ITM_Xex;;;;;;;;;;;
#define;;1637;ITM_YEAR;;;;;;;;;;;
#define;;1638;ITM_YCIRC;;;;;;;;;;;
#define;;1639;ITM_YMD;;;;;;;;;;;
#define;;1640;ITM_Yex;;;;;;;;;;;
#define;;1641;ITM_Zex;;;;;;;;;;;
#define;;1642;ITM_ALPHALENG;;;;;;;;;;;
#define;;1643;ITM_XMAX;;;;;;;;;;;
#define;;1644;ITM_XMIN;;;;;;;;;;;
#define;;1645;ITM_ALPHAPOS;;;;;;;;;;;
#define;;1646;ITM_ALPHARL;;;;;;;;;;;
#define;;1647;ITM_ALPHARR;;;;;;;;;;;
#define;;1648;ITM_ALPHASL;;;;;;;;;;;
#define;;1649;ITM_ALPHASR;;;;;;;;;;;
#define;;1650;ITM_ALPHAtoX;;;;;;;;;;;
#define;;1651;ITM_BETAXY;;;;;;;;;;;
#define;;1652;ITM_gammaXY;;;;;;;;;;;
#define;;1653;ITM_GAMMAXY;;;;;;;;;;;
#define;;1654;ITM_GAMMAX;;;;;;;;;;;
#define;;1655;ITM_deltaX;;;;;;;;;;;
#define;;1656;ITM_DELTAPC;;;;;;;;;;;
#define;;1657;ITM_SCATTFACT;;;;;;;;;;;
#define;;1658;ITM_SCATTFACTm;;;;;;;;;;;
#define;;1659;ITM_SCATTFACTp;;;;;;;;;;;
#define;;1660;ITM_zetaX;;;;;;;;;;;
#define;;1661;ITM_PIn;;;;;;;;;;;
#define;;1662;ITM_SIGMAn;;;;;;;;;;;
#define;;1663;ITM_STDDEV;;;;;;;;;;;
#define;;1664;ITM_STDDEVPOP;;;;;;;;;;;
#define;;1665;ITM_RANI;;;;;;;;;;;
#define;;1666;ITM_PRINTERX;;;;;;;;;;;
#define;;1667;ITM_RANGE;;;;;;;;;;;
#define;;1668;ITM_GETRANGE;;;;;;;;;;;
#define;;1669;ITM_M1X;;;;;;;;;;;
#define;;1670;ITM_XMOD;;;;;;;;;;;
#define;;1671;ITM_toDATE;;;;;;;;;;;
#define;;1672;ITM_toDEG;;;;;;;;;;;
#define;;1673;ITM_toDMS;;;;;;;;;;;
#define;;1674;ITM_toGRAD;;;;;;;;;;;
#define;;1675;ITM_toHR;;;;;;;;;;;
#define;;1676;ITM_toHMS;;;;;;;;;;;
#define;;1677;ITM_toINT;JM;#;;;;;;;;;
#define;;1678;ITM_toMULpi;;;;;;;;;;;
#define;;1679;ITM_toPOL;;;;;;;;;;;
#define;;1680;ITM_toRAD;;;;;;;;;;;
#define;;1681;ITM_toREAL;;;;;;;;;;;
#define;;1682;ITM_toREC;;;;;;;;;;;
#define;;1683;ITM_DtoDMS;;;;;;;;;;;
#define;;1684;ITM_SHUFFLE;;;;;;;;;;;
#define;;1685;ITM_PC;;;;;;;;;;;
#define;;1686;ITM_PCMRR;;;;;;;;;;;
#define;;1687;ITM_PCT;;;;;;;;;;;
#define;;1688;ITM_PCSIGMA;;;;;;;;;;;
#define;;1689;ITM_PCPMG;;;;;;;;;;;
#define;;1690;ITM_INTEGRAL;;;;;;;;;;;
#define;;1691;ITM_PMOD;;;;;;;;;;;
#define;;1692;ITM_M_DET;;;;;;;;;;;
#define;;1693;ITM_PARALLEL;;;;;;;;;;;
#define;;1694;ITM_M_TRANSP;;;;;;;;;;;
#define;;1695;ITM_M_INV;;;;;;;;;;;
#define;;1696;ITM_ANGLE;;;;;;;;;;;
#define;;1697;ITM_MULPIto;;;;;;;;;;;
#define;;1698;ITM_PRINTERADV;;;;;;;;;;;
#define;;1699;ITM_PRINTERCHAR;;;;;;;;;;;
#define;;1700;ITM_PRINTERDLAY;;;;;;;;;;;
#define;;1701;ITM_PRINTERLCD;;;;;;;;;;;
#define;;1702;ITM_PRINTERMODE;;;;;;;;;;;
#define;;1703;ITM_PRINTERPROG;;;;;;;;;;;
#define;;1704;ITM_PRINTERR;;;;;;;;;;;
#define;;1705;ITM_PRINTERREGS;;;;;;;;;;;
#define;;1706;ITM_PRINTERSTK;;;;;;;;;;;
#define;;1707;ITM_PRINTERTAB;;;;;;;;;;;
#define;;1708;ITM_PRINTERUSER;;;;;;;;;;;
#define;;1709;ITM_PRINTERWIDTH;;;;;;;;;;;
#define;;1710;ITM_PRINTERSIGMA;;;;;;;;;;;
#define;;1711;ITM_PRINTERHASH;;;;;;;;;;;
;;;;;;;;;;;;;;
#define;;1712;ITM_FBR;;;;;;;;;;;
;;;;;;;;;;;;;;
#define;;1713;ITM_UNDO;;;;;;;;;;;
#define;;1714;ITM_PR;;;;;;;;;;;
#define;;1715;ITM_RS;;;;;;;;;;;
#define;;1716;ITM_1716;;;;;;;;;;;
#define;;1717;ITM_1717;;;;;;;;;;;
#define;;1718;ITM_1718;;;;;;;;;;;
#define;;1719;ITM_USERMODE;;;;;;;;;;;
#define;;1720;ITM_CC;;;;;;;;;;;
#define;;1721;ITM_SHIFTf;;;;;;;;;;;
#define;;1722;ITM_SHIFTg;;;;;;;;;;;
#define;;1723;ITM_UP1;;;;;;;;;;;
#define;;1724;ITM_BST;;;;;;;;;;;
#define;;1725;ITM_DOWN1;;;;;;;;;;;
#define;;1726;ITM_SST;;;;;;;;;;;
#define;;1727;ITM_EXIT1;;;;;;;;;;;
#define;;1728;ITM_BACKSPACE;;;;;;;;;;;
#define;;1729;ITM_PRTX;;;;;;;;;;;
#define;;1730;ITM_AIM;;;;;;;;;;;
#define;;1731;ITM_dotD;;;;;;;;;;;
#define;;1732;ITM_SHOW;;;;;;;;;;;
#define;;1733;ITM_SYSTEM;;;;;;;;;;;
#define;;1734;ITM_DMStoD;;;;;;;;;;;
#define;;1735;ITM_VANGLE;;;;;;;;;;;
#define;;1736;ITM_XH;;;;;;;;;;;
#define;;1737;ITM_XRMS;;;;;;;;;;;
#define;;1738;ITM_ACOS;;;;;;;;;;;
#define;;1739;ITM_ASIN;;;;;;;;;;;
#define;;1740;ITM_ATAN;;;;;;;;;;;
#define;;1741;ITM_DET;;;;;;;;;;;
#define;;1742;ITM_INVRT;;;;;;;;;;;
#define;;1743;ITM_TRANS;;;;;;;;;;;
#define;;1744;ITM_XIN;;;;;;;;;;;
#define;;1745;ITM_XOUT;;;;;;;;;;;
#define;;1746;ITM_FG_LINE;FG;**;;;;;;;;;
#define;;1747;ITM_FG_DOTS;FG;**;;;;;;;;;
#define;;1748;ITM_G_DOUBLETAP;FG;**;;;;;;;;;
#define;;1749;ITM_1749;;;;;;;;;;;
#define;;1750;ITM_P_ALLREGS;Print;all;regs;;;;;;;;
#define;;1751;ITM_SI_f;PRE;UNIT;;;;;;;;;
#define;;1752;ITM_SI_p;PRE;UNIT;;;;;;;;;
#define;;1753;ITM_SI_n;PRE;UNIT;;;;;;;;;
#define;;1754;ITM_SI_u;PRE;UNIT;;;;;;;;;
#define;;1755;ITM_SI_m;PRE;UNIT;;;;;;;;;
#define;;1756;ITM_SI_k;PRE;UNIT;;;;;;;;;
#define;;1757;ITM_SI_M;PRE;UNIT;;;;;;;;;
#define;;1758;ITM_SI_G;PRE;UNIT;;;;;;;;;
#define;;1759;ITM_SI_T;PRE;UNIT;;;;;;;;;
#define;;1760;ITM_QOPPA;GREEK;//NOTE;the;RANGE;STARTS;HERE,;with;36;for;lower;case
#define;;1761;ITM_DIGAMMA;GREEK;;;;;;;;;;
#define;;1762;ITM_SAMPI;GREEK;//NOTE;the;RANGE;STOPS;HERE,;with;36;for;lower;case
#define;;1763;ITM_1599;SPARE;;;;;;;;;;
#define;;1764;ITM_1600;SPARE;;;;;;;;;;
#define;;1765;ITM_1601;SPARE;;;;;;;;;;
#define;;1766;ITM_1602;SPARE;;;;;;;;;;
#define;;1767;ITM_1603;SPARE;;;;;;;;;;
#define;;1768;ITM_1604;SPARE;;;;;;;;;;
#define;;1769;ITM_1605;SPARE;;;;;;;;;;
#define;;1770;ITM_1606;SPARE;;;;;;;;;;
#define;;1771;ITM_1607;SPARE;;;;;;;;;;
#define;;1772;ITM_1608;SPARE;;;;;;;;;;
#define;;1773;ITM_1609;SPARE;;;;;;;;;;
#define;;1774;ITM_1610;SPARE;;;;;;;;;;
#define;;1775;ITM_1611;SPARE;;;;;;;;;;
#define;;1776;ITM_1612;SPARE;;;;;;;;;;
#define;;1777;ITM_1613;SPARE;;;;;;;;;;
#define;;1778;ITM_1614;SPARE;;;;;;;;;;
#define;;1779;ITM_1615;SPARE;;;;;;;;;;
#define;;1780;ITM_1616;SPARE;;;;;;;;;;
#define;;1781;ITM_1617;SPARE;;;;;;;;;;
#define;;1782;ITM_1618;SPARE;;;;;;;;;;
#define;;1783;ITM_1619;SPARE;;;;;;;;;;
#define;;1784;ITM_1620;SPARE;;;;;;;;;;
#define;;1785;ITM_1621;SPARE;;;;;;;;;;
#define;;1786;ITM_1622;SPARE;;;;;;;;;;
#define;;1787;ITM_1623;SPARE;;;;;;;;;;
#define;;1788;ITM_1624;SPARE;;;;;;;;;;
#define;;1789;ITM_1625;SPARE;;;;;;;;;;
#define;;1790;ITM_1626;SPARE;;;;;;;;;;
#define;;1791;ITM_1627;SPARE;;;;;;;;;;
#define;;1792;ITM_1628;SPARE;;;;;;;;;;
#define;;1793;ITM_1629;SPARE;;;;;;;;;;
#define;;1794;ITM_1630;SPARE;;;;;;;;;;
#define;;1795;ITM_1631;SPARE;;;;;;;;;;
#define;;1796;ITM_qoppa;GREEK;;;;;;;;;;
#define;;1797;ITM_digamma;GREEK;;;;;;;;;;
#define;;1798;ITM_sampi;GREEK;;;;;;;;;;
#define;;1799;KEY_COMPLEX;CPX;;;;;;;;;;
#define;;1800;ITM_toPOL2;;;;;;;;;;;
#define;;1801;ITM_toREC2;;;;;;;;;;;
#define;;1802;ITM_eRPN_ON;;;;;;;;;;;
#define;;1803;ITM_eRPN_OFF;;;;;;;;;;;
#define;;1804;ITM_ERPN;eRPN;;;;;;;;;;
#define;;1805;ITM_HOMEx3;HOME.3;;;;;;;;;;
#define;;1806;ITM_SHTIM;SHIFT;CANCEL;;;;;;;;;
#define;;1807;ITM_CB_CPXRES;cb;ComplexResult;;;;;;;;;
#define;;1808;ITM_CB_LEADING_ZERO;cb;LeadingZeros;;;;;;;;;
#define;;1809;CHR_case;CAPS;;;;;;;;;;
#define;;1810;ITM_BASE_HOME;BASEMENU;;;;;;;;;;
#define;;1811;ITM_BASE_AHOME;BASEMENU;;;;;;;;;;
#define;;1812;ITM_H_SUMRY;;;;;;;;;;;
#define;;1813;ITM_H_REPLCA;;;;;;;;;;;
#define;;1814;ITM_H_FIXED;;;;;;;;;;;
#define;;1815;ITM_HOMEx3T;HOME.3T;;;;;;;;;;
#define;;1816;ITM_LARGELI;;;;;;;;;;;
#define;;1817;ITM_PGMTST;Generic;program;test;;;;;;;;
#define;;1818;ITM_SIGFIG;SIGFIG;;;;;;;;;;
#define;;1819;ITM_UNIT;UNIT;;;;;;;;;;
#define;;1820;ITM_ROUND2;;;;;;;;;;;
#define;;1821;ITM_ROUNDI2;;;;;;;;;;;
#define;;1822;ITM_op_a;OPERATORS;;;;;;;;;;
#define;;1823;ITM_op_a2;OPERATORS;;;;;;;;;;
#define;;1824;ITM_op_j;OPERATORS;;;;;;;;;;
#define;;1825;ITM_EE_D2Y;EE;;;;;;;;;;
#define;;1826;ITM_EE_Y2D;EE;;;;;;;;;;
#define;;1827;ITM_EE_A2S;EE;;;;;;;;;;
#define;;1828;ITM_EE_S2A;EE;;;;;;;;;;
#define;;1829;ITM_EE_EXP_TH;EE;;;;;;;;;;
#define;;1830;ITM_EE_STO_Z;EE;;;;;;;;;;
#define;;1831;ITM_EE_RCL_Z;EE;;;;;;;;;;
#define;;1832;ITM_EE_STO_V;EE;;;;;;;;;;
#define;;1833;ITM_EE_RCL_V;EE;;;;;;;;;;
#define;;1834;ITM_EE_STO_I;EE;;;;;;;;;;
#define;;1835;ITM_EE_RCL_I;EE;;;;;;;;;;
#define;;1836;ITM_EE_STO_V_I;EE;;;;;;;;;;
#define;;1837;ITM_EE_STO_IR;EE;;;;;;;;;;
#define;;1838;ITM_EE_STO_V_Z;EE;;;;;;;;;;
#define;;1839;ITM_EE_X2BAL;EE;;;;;;;;;;
#define;;1840;ITM_DMPMNU;;;;;;;;;;;
#define;;1841;ITM_LI;;;;;;;;;;;
#define;;1842;ITM_2BIN;BASE;;;;;;;;;;
#define;;1843;ITM_2OCT;BASE;;;;;;;;;;
#define;;1844;ITM_2DEC;BASE;;;;;;;;;;
#define;;1845;ITM_2HEX;BASE;;;;;;;;;;
#define;;1846;ITM_WS8;BASE;;;;;;;;;;
#define;;1847;ITM_WS16;BASE;;;;;;;;;;
#define;;1848;ITM_WS32;BASE;;;;;;;;;;
#define;;1849;ITM_WS64;BASE;;;;;;;;;;
#define;;1850;ITM_RI;ROUND;;;;;;;;;;
#define;;1851;ITM_HASH_JM;;;;;;;;;;;
#define;;1852;ITM_GRF_X0;GRAPH;;;;;;;;;;
#define;;1853;ITM_GRF_X1;GRAPH;;;;;;;;;;
#define;;1854;ITM_GRF_Y0;GRAPH;;;;;;;;;;
#define;;1855;ITM_GRF_Y1;GRAPH;;;;;;;;;;
#define;;1856;ITM_GRF_DX;GRAPH;;;;;;;;;;
#define;;1857;ITM_GRF_DY;GRAPH;;;;;;;;;;
#define;;1858;ITM_GRF_HLP;GRAPH;;;;;;;;;;
#define;;1859;ITM_CLA;;;;;;;;;;;
#define;;1860;ITM_CLN;;;;;;;;;;;
#define;;1861;ITM_1861;;;;;;;;;;;
#define;;1862;ITM_1862;;;;;;;;;;;
#define;;1863;CHR_caseUP;CAPS;;;;;;;;;;
#define;;1864;CHR_caseDN;CAPS;;;;;;;;;;
#define;;1865;ITM_LISTXY;;;;;;;;;;;
#define;;1866;ITM_SH_ERPN;SHOW;;;;;;;;;;
#define;;1867;ITM_SYS_FREE_RAM;;;;;;;;;;;
#define;;1868;MNU_INL_TST;;;;;;;;;;;
#define;;1869;ITM_TEST;;;;;;;;;;;
#define;;1870;ITM_GET_TEST_BS;;;;;;;;;;;
#define;;1871;ITM_SET_TEST_BS;;;;;;;;;;;
#define;;1872;ITM_INP_DEF_DP;INPUT;DEFAULT;;;;;;;;;
#define;;1873;ITM_SH_INP_DEF;INPUT;DEFAULT;;;;;;;;;
#define;;1874;ITM_INP_DEF_CPXDP;INPUT;DEFAULT;;;;;;;;;
#define;;1875;ITM_INP_DEF_SI;INPUT;DEFAULT;;;;;;;;;
#define;;1876;ITM_INP_DEF_LI;INPUT;DEFAULT;;;;;;;;;
#define;;1877;ITM_USER_V43;;;;;;;;;;;
#define;;1878;KEY_fg;;;;;;;;;;;
#define;;1879;ITM_USER_DEFAULTS;USER;;;;;;;;;;
#define;;1880;ITM_USER_COMPLEX;USER;;;;;;;;;;
#define;;1881;ITM_USER_SHIFTS;USER;;;;;;;;;;
#define;;1882;ITM_USER_RESET;USER;;;;;;;;;;
#define;;1883;ITM_U_KEY_USER;USER;;;;;;;;;;
#define;;1884;ITM_U_KEY_CC;USER;;;;;;;;;;
#define;;1885;ITM_U_KEY_MM;USER;;;;;;;;;;
#define;;1886;ITM_U_KEY_SIGMA;USER;;;;;;;;;;
#define;;1887;ITM_U_KEY_PRGM;USER;;;;;;;;;;
#define;;1888;ITM_U_KEY_ALPHA;USER;;;;;;;;;;
#define;;1889;ITM_SH_NORM_E;USER;NORMAL;;;;;;;;;
#define;;1890;ITM_JM_ASN;ASSIGN;;;;;;;;;;
#define;;1891;ITM_JM_SEEK;ASSIGN;;;;;;;;;;
#define;;1892;ITM_INP_DEF_43S;INPUT;DEFAULT;;;;;;;;;
#define;;1893;ITM_XXEQ;;;;;;;;;;;
#define;;1894;ITM_USER_ALPHA;USER;;;;;;;;;;
#define;;1895;ITM_USER_GSHFT;USER;;;;;;;;;;
#define;;1896;ITM_USER_CC;USER;;;;;;;;;;
#define;;1897;ITM_USER_MYM;USER;;;;;;;;;;
#define;;1898;ITM_USER_PRGM;USER;;;;;;;;;;
#define;;1899;ITM_USER_USER;USER;;;;;;;;;;
#define;;1900;ITM_USER_SIGMAPLUS;USER;;;;;;;;;;
#define;;1901;ITM_USER_V43MIN;;;;;;;;;;;
#define;;1902;ITM_USER_SHIFTS2;;;;;;;;;;;
#define;;1903;ITM_USER_HOME;USER;;;;;;;;;;
#define;;1904;ITM_USER_WP43S;;;;;;;;;;;
#define;;1905;ITM_USER_DM42;;;;;;;;;;;
#define;;1906;ITM_USER_C43;;;;;;;;;;;
#define;;1907;ITM_GET_NORM_E;USER;NORMAL;;;;;;;;;
#define;;1908;MNU_GRAPH;GRAPH;;;;;;;;;;
#define;;1909;MNU_ASN_N;USER;NORMAL;;;;;;;;;
#define;;1910;MNU_HOME;HOME;;;;;;;;;;
#define;;1911;MNU_ALPHA;ALPHA;;;;;;;;;;
#define;;1912;MNU_BASE;BASE;;;;;;;;;;
#define;;1913;MNU_XEQ;EXEC;;;;;;;;;;
#define;;1914;MNU_EE;EE;;;;;;;;;;
#define;;1915;ITM_T_UP_ARROW;;;;;;;;;;;
#define;;1916;MNU_ASN;USER;;;;;;;;;;
#define;;1917;ITM_T_DOWN_ARROW;;;;;;;;;;;
#define;;1918;ITM_T_HOME;;;;;;;;;;;
#define;;1919;ITM_T_END;;;;;;;;;;;
#define;;1920;MNU_ASN_U;;;;;;;;;;;
#define;;1921;MNU_T_EDIT;;;;;;;;;;;
#define;;1922;MNU_XXEQ;;;;;;;;;;;
#define;;1923;ITM_RNG;RANGE;;;;;;;;;;
#define;;1924;ITM_FLGSV;;;;;;;;;;;
#define;;1925;ITM_CPXI;;;;;;;;;;;
#define;;1926;ITM_CPXJ;;;;;;;;;;;
#define;;1927;ITM_SSIZE4;;;;;;;;;;;
#define;;1928;ITM_SSIZE8;;;;;;;;;;;
#define;;1929;ITM_CB_SPCRES;;;;;;;;;;;
#define;;1930;ITM_CFG;Replacements;;;;;;;;;;
#define;;1931;ITM_CLK12;Replacements;;;;;;;;;;
#define;;1932;ITM_CLK24;Replacements;;;;;;;;;;
#define;;1933;ITM_MULTCR;;;;;;;;;;;
#define;;1934;ITM_MULTDOT;;;;;;;;;;;
#define;;1935;ITM_POLAR;Replacements;;;;;;;;;;
#define;;1936;ITM_RDXCOM;Replacements;;;;;;;;;;
#define;;1937;ITM_RDXPER;Replacements;;;;;;;;;;
#define;;1938;ITM_RECT;Replacements;;;;;;;;;;
#define;;1939;ITM_SCIOVR;Replacements;;;;;;;;;;
#define;;1940;ITM_ENGOVR;Replacements;;;;;;;;;;
#define;;1941;ITM_T_LEFT_ARROW;;;;;;;;;;;
#define;;1942;ITM_T_RIGHT_ARROW;;;;;;;;;;;
#define;;1943;ITM_T_LLEFT_ARROW;;;;;;;;;;;
#define;;1944;ITM_T_RRIGHT_ARROW;;;;;;;;;;;
#define;;1945;ITM_XNEW;;;;;;;;;;;
#define;;1946;ITM_XEDIT;;;;;;;;;;;
#define;;1947;ITM_ms;DMS;HMS;;;;;;;;;
#define;;1948;ITM_DEG2;;;;;;;;;;;
#define;;1949;ITM_DMS2;;;;;;;;;;;
#define;;1950;ITM_GRAD2;;;;;;;;;;;
#define;;1951;ITM_MULPI2;;;;;;;;;;;
#define;;1952;ITM_RAD2;;;;;;;;;;;
#define;;1953;ITM_HMS2;;;;;;;;;;;
#define;;1954;USER_PRIM00U;USER;MODE;TEST;;;;;;;;
#define;;1955;USER_SFTf00U;USER;MODE;TEST;;;;;;;;
#define;;1956;Kg00U;USER;MODE;TEST;;;;;;;;
#define;;1957;USER_PRIM01U;USER;MODE;TEST;;;;;;;;
#define;;1958;USER_SFTf01U;USER;MODE;TEST;;;;;;;;
#define;;1959;Kg01U;USER;MODE;TEST;;;;;;;;
#define;;1960;USER_PRIM02U;USER;MODE;TEST;;;;;;;;
#define;;1961;USER_SFTf02U;USER;MODE;TEST;;;;;;;;
#define;;1962;Kg02U;USER;MODE;TEST;;;;;;;;
#define;;1963;USER_PRIM03U;USER;MODE;TEST;;;;;;;;
#define;;1964;USER_SFTf03U;USER;MODE;TEST;;;;;;;;
#define;;1965;Kg03U;USER;MODE;TEST;;;;;;;;
#define;;1966;USER_PRIM04U;USER;MODE;TEST;;;;;;;;
#define;;1967;USER_SFTf04U;USER;MODE;TEST;;;;;;;;
#define;;1968;Kg04U;USER;MODE;TEST;;;;;;;;
#define;;1969;USER_PRIM05U;USER;MODE;TEST;;;;;;;;
#define;;1970;USER_SFTf05U;USER;MODE;TEST;;;;;;;;
#define;;1971;Kg05U;USER;MODE;TEST;;;;;;;;
#define;;1972;USER_PRIM06U;USER;MODE;TEST;;;;;;;;
#define;;1973;USER_SFTf06U;USER;MODE;TEST;;;;;;;;
#define;;1974;Kg06U;USER;MODE;TEST;;;;;;;;
#define;;1975;USER_PRIM07U;USER;MODE;TEST;;;;;;;;
#define;;1976;USER_SFTf07U;USER;MODE;TEST;;;;;;;;
#define;;1977;Kg07U;USER;MODE;TEST;;;;;;;;
#define;;1978;USER_PRIM08U;USER;MODE;TEST;;;;;;;;
#define;;1979;USER_SFTf08U;USER;MODE;TEST;;;;;;;;
#define;;1980;Kg08U;USER;MODE;TEST;;;;;;;;
#define;;1981;USER_PRIM09U;USER;MODE;TEST;;;;;;;;
#define;;1982;USER_SFTf09U;USER;MODE;TEST;;;;;;;;
#define;;1983;Kg09U;USER;MODE;TEST;;;;;;;;
#define;;1984;USER_PRIM10U;USER;MODE;TEST;;;;;;;;
#define;;1985;USER_SFTf10U;USER;MODE;TEST;;;;;;;;
#define;;1986;Kg10U;USER;MODE;TEST;;;;;;;;
#define;;1987;USER_PRIM11U;USER;MODE;TEST;;;;;;;;
#define;;1988;USER_SFTf11U;USER;MODE;TEST;;;;;;;;
#define;;1989;Kg11U;USER;MODE;TEST;;;;;;;;
#define;;1990;USER_PRIM12U;USER;MODE;TEST;;;;;;;;
#define;;1991;USER_SFTf12U;USER;MODE;TEST;;;;;;;;
#define;;1992;Kg12U;USER;MODE;TEST;;;;;;;;
#define;;1993;USER_PRIM13U;USER;MODE;TEST;;;;;;;;
#define;;1994;USER_SFTf13U;USER;MODE;TEST;;;;;;;;
#define;;1995;Kg13U;USER;MODE;TEST;;;;;;;;
#define;;1996;USER_PRIM14U;USER;MODE;TEST;;;;;;;;
#define;;1997;USER_SFTf14U;USER;MODE;TEST;;;;;;;;
#define;;1998;Kg14U;USER;MODE;TEST;;;;;;;;
#define;;1999;USER_PRIM15U;USER;MODE;TEST;;;;;;;;
#define;;2000;USER_SFTf15U;USER;MODE;TEST;;;;;;;;
#define;;2001;Kg15U;USER;MODE;TEST;;;;;;;;
#define;;2002;USER_PRIM16U;USER;MODE;TEST;;;;;;;;
#define;;2003;USER_SFTf16U;USER;MODE;TEST;;;;;;;;
#define;;2004;Kg16U;USER;MODE;TEST;;;;;;;;
#define;;2005;USER_PRIM17U;USER;MODE;TEST;;;;;;;;
#define;;2006;USER_SFTf17U;USER;MODE;TEST;;;;;;;;
#define;;2007;Kg17U;USER;MODE;TEST;;;;;;;;
#define;;2008;USER_PRIM18U;USER;MODE;TEST;;;;;;;;
#define;;2009;USER_SFTf18U;USER;MODE;TEST;;;;;;;;
#define;;2010;Kg18U;USER;MODE;TEST;;;;;;;;
#define;;2011;USER_PRIM19U;USER;MODE;TEST;;;;;;;;
#define;;2012;USER_SFTf19U;USER;MODE;TEST;;;;;;;;
#define;;2013;Kg19U;USER;MODE;TEST;;;;;;;;
#define;;2014;USER_PRIM20U;USER;MODE;TEST;;;;;;;;
#define;;2015;USER_SFTf20U;USER;MODE;TEST;;;;;;;;
#define;;2016;Kg20U;USER;MODE;TEST;;;;;;;;
#define;;2017;USER_PRIM21U;USER;MODE;TEST;;;;;;;;
#define;;2018;USER_SFTf21U;USER;MODE;TEST;;;;;;;;
#define;;2019;Kg21U;USER;MODE;TEST;;;;;;;;
#define;;2020;USER_PRIM22U;USER;MODE;TEST;;;;;;;;
#define;;2021;USER_SFTf22U;USER;MODE;TEST;;;;;;;;
#define;;2022;Kg22U;USER;MODE;TEST;;;;;;;;
#define;;2023;USER_PRIM23U;USER;MODE;TEST;;;;;;;;
#define;;2024;USER_SFTf23U;USER;MODE;TEST;;;;;;;;
#define;;2025;Kg23U;USER;MODE;TEST;;;;;;;;
#define;;2026;USER_PRIM24U;USER;MODE;TEST;;;;;;;;
#define;;2027;USER_SFTf24U;USER;MODE;TEST;;;;;;;;
#define;;2028;Kg24U;USER;MODE;TEST;;;;;;;;
#define;;2029;USER_PRIM25U;USER;MODE;TEST;;;;;;;;
#define;;2030;USER_SFTf25U;USER;MODE;TEST;;;;;;;;
#define;;2031;Kg25U;USER;MODE;TEST;;;;;;;;
#define;;2032;USER_PRIM26U;USER;MODE;TEST;;;;;;;;
#define;;2033;USER_SFTf26U;USER;MODE;TEST;;;;;;;;
#define;;2034;Kg26U;USER;MODE;TEST;;;;;;;;
#define;;2035;USER_PRIM27U;USER;MODE;TEST;;;;;;;;
#define;;2036;USER_SFTf27U;USER;MODE;TEST;;;;;;;;
#define;;2037;Kg27U;USER;MODE;TEST;;;;;;;;
#define;;2038;USER_PRIM28U;USER;MODE;TEST;;;;;;;;
#define;;2039;USER_SFTf28U;USER;MODE;TEST;;;;;;;;
#define;;2040;Kg28U;USER;MODE;TEST;;;;;;;;
#define;;2041;USER_PRIM29U;USER;MODE;TEST;;;;;;;;
#define;;2042;USER_SFTf29U;USER;MODE;TEST;;;;;;;;
#define;;2043;Kg29U;USER;MODE;TEST;;;;;;;;
#define;;2044;USER_PRIM30U;USER;MODE;TEST;;;;;;;;
#define;;2045;USER_SFTf30U;USER;MODE;TEST;;;;;;;;
#define;;2046;Kg30U;USER;MODE;TEST;;;;;;;;
#define;;2047;USER_PRIM31U;USER;MODE;TEST;;;;;;;;
#define;;2048;USER_SFTf31U;USER;MODE;TEST;;;;;;;;
#define;;2049;Kg31U;USER;MODE;TEST;;;;;;;;
#define;;2050;USER_PRIM32U;USER;MODE;TEST;;;;;;;;
#define;;2051;USER_SFTf32U;USER;MODE;TEST;;;;;;;;
#define;;2052;Kg32U;USER;MODE;TEST;;;;;;;;
#define;;2053;USER_PRIM33U;USER;MODE;TEST;;;;;;;;
#define;;2054;USER_SFTf33U;USER;MODE;TEST;;;;;;;;
#define;;2055;Kg33U;USER;MODE;TEST;;;;;;;;
#define;;2056;USER_PRIM34U;USER;MODE;TEST;;;;;;;;
#define;;2057;USER_SFTf34U;USER;MODE;TEST;;;;;;;;
#define;;2058;Kg34U;USER;MODE;TEST;;;;;;;;
#define;;2059;USER_PRIM35U;USER;MODE;TEST;;;;;;;;
#define;;2060;USER_SFTf35U;USER;MODE;TEST;;;;;;;;
#define;;2061;Kg35U;USER;MODE;TEST;;;;;;;;
#define;;2062;USER_PRIM36U;USER;MODE;TEST;;;;;;;;
#define;;2063;USER_SFTf36U;USER;MODE;TEST;;;;;;;;
#define;;2064;Kg36U;USER;MODE;TEST;;;;;;;;
#define;;2065;ITM_X_P1;EXEC;;;;;;;;;;
#define;;2066;ITM_X_P2;EXEC;;;;;;;;;;
#define;;2067;ITM_X_P3;EXEC;;;;;;;;;;
#define;;2068;ITM_X_P4;EXEC;;;;;;;;;;
#define;;2069;ITM_X_P5;EXEC;;;;;;;;;;
#define;;2070;ITM_X_P6;EXEC;;;;;;;;;;
#define;;2071;ITM_X_f1;EXEC;;;;;;;;;;
#define;;2072;ITM_X_f2;EXEC;;;;;;;;;;
#define;;2073;ITM_X_f3;EXEC;;;;;;;;;;
#define;;2074;ITM_X_f4;EXEC;;;;;;;;;;
#define;;2075;ITM_X_f5;EXEC;;;;;;;;;;
#define;;2076;ITM_X_f6;EXEC;;;;;;;;;;
#define;;2077;ITM_X_g1;EXEC;;;;;;;;;;
#define;;2078;ITM_X_g2;EXEC;;;;;;;;;;
#define;;2079;ITM_X_g3;EXEC;;;;;;;;;;
#define;;2080;ITM_X_g4;EXEC;;;;;;;;;;
#define;;2081;ITM_X_g5;EXEC;;;;;;;;;;
#define;;2082;ITM_X_g6;EXEC;;;;;;;;;;
#define;;2083;ITM_XSAVE;;;;;;;;;;;
#define;;2084;ITM_XLOAD;;;;;;;;;;;
#define;;2085;ITM_FB00;SHOI;;;;;;;;;;
#define;;2086;ITM_FB01;SHOI;;;;;;;;;;
#define;;2087;ITM_FB02;SHOI;;;;;;;;;;
#define;;2088;ITM_FB03;SHOI;;;;;;;;;;
#define;;2089;ITM_FB04;SHOI;;;;;;;;;;
#define;;2090;ITM_FB05;SHOI;;;;;;;;;;
#define;;2091;ITM_FB06;SHOI;;;;;;;;;;
#define;;2092;ITM_FB07;SHOI;;;;;;;;;;
#define;;2093;ITM_FB08;SHOI;;;;;;;;;;
#define;;2094;ITM_FB09;SHOI;;;;;;;;;;
#define;;2095;ITM_FB10;SHOI;;;;;;;;;;
#define;;2096;ITM_FB11;SHOI;;;;;;;;;;
#define;;2097;ITM_FB12;SHOI;;;;;;;;;;
#define;;2098;ITM_FB13;SHOI;;;;;;;;;;
#define;;2099;ITM_FB14;SHOI;;;;;;;;;;
#define;;2100;ITM_FB15;SHOI;;;;;;;;;;
#define;;2101;ITM_FB16;SHOI;;;;;;;;;;
#define;;2102;ITM_FB17;SHOI;;;;;;;;;;
#define;;2103;ITM_FB18;SHOI;;;;;;;;;;
#define;;2104;ITM_FB19;SHOI;;;;;;;;;;
#define;;2105;ITM_FB20;SHOI;;;;;;;;;;
#define;;2106;ITM_FB21;SHOI;;;;;;;;;;
#define;;2107;ITM_FB22;SHOI;;;;;;;;;;
#define;;2108;ITM_FB23;SHOI;;;;;;;;;;
#define;;2109;ITM_FB24;SHOI;;;;;;;;;;
#define;;2110;ITM_FB25;SHOI;;;;;;;;;;
#define;;2111;ITM_FB26;SHOI;;;;;;;;;;
#define;;2112;ITM_FB27;SHOI;;;;;;;;;;
#define;;2113;ITM_FB28;SHOI;;;;;;;;;;
#define;;2114;ITM_FB29;SHOI;;;;;;;;;;
#define;;2115;ITM_FB30;SHOI;;;;;;;;;;
#define;;2116;ITM_FB31;SHOI;;;;;;;;;;
#define;;2117;ITM_FB32;SHOI;;;;;;;;;;
#define;;2118;ITM_FB33;SHOI;;;;;;;;;;
#define;;2119;ITM_FB34;SHOI;;;;;;;;;;
#define;;2120;ITM_FB35;SHOI;;;;;;;;;;
#define;;2121;ITM_FB36;SHOI;;;;;;;;;;
#define;;2122;ITM_FB37;SHOI;;;;;;;;;;
#define;;2123;ITM_FB38;SHOI;;;;;;;;;;
#define;;2124;ITM_FB39;SHOI;;;;;;;;;;
#define;;2125;ITM_FB40;SHOI;;;;;;;;;;
#define;;2126;ITM_FB41;SHOI;;;;;;;;;;
#define;;2127;ITM_FB42;SHOI;;;;;;;;;;
#define;;2128;ITM_FB43;SHOI;;;;;;;;;;
#define;;2129;ITM_FB44;SHOI;;;;;;;;;;
#define;;2130;ITM_FB45;SHOI;;;;;;;;;;
#define;;2131;ITM_FB46;SHOI;;;;;;;;;;
#define;;2132;ITM_FB47;SHOI;;;;;;;;;;
#define;;2133;ITM_FB48;SHOI;;;;;;;;;;
#define;;2134;ITM_FB49;SHOI;;;;;;;;;;
#define;;2135;ITM_FB50;SHOI;;;;;;;;;;
#define;;2136;ITM_FB51;SHOI;;;;;;;;;;
#define;;2137;ITM_FB52;SHOI;;;;;;;;;;
#define;;2138;ITM_FB53;SHOI;;;;;;;;;;
#define;;2139;ITM_FB54;SHOI;;;;;;;;;;
#define;;2140;ITM_FB55;SHOI;;;;;;;;;;
#define;;2141;ITM_FB56;SHOI;;;;;;;;;;
#define;;2142;ITM_FB57;SHOI;;;;;;;;;;
#define;;2143;ITM_FB58;SHOI;;;;;;;;;;
#define;;2144;ITM_FB59;SHOI;;;;;;;;;;
#define;;2145;ITM_FB60;SHOI;;;;;;;;;;
#define;;2146;ITM_FB61;SHOI;;;;;;;;;;
#define;;2147;ITM_FB62;SHOI;;;;;;;;;;
#define;;2148;ITM_FB63;SHOI;;;;;;;;;;
#define;;2149;ITM_S06;SHOI;;;;;;;;;;
#define;;2150;ITM_S08;SHOI;;;;;;;;;;
#define;;2151;ITM_S16;SHOI;;;;;;;;;;
#define;;2152;ITM_S32;SHOI;;;;;;;;;;
#define;;2153;ITM_S64;SHOI;;;;;;;;;;
#define;;2154;ITM_U06;SHOI;;;;;;;;;;
#define;;2155;ITM_U08;SHOI;;;;;;;;;;
#define;;2156;ITM_U16;SHOI;;;;;;;;;;
#define;;2157;ITM_U32;SHOI;;;;;;;;;;
#define;;2158;ITM_U64;SHOI;;;;;;;;;;
#define;;2159;ITM_SL1;SHOI;;;;;;;;;;
#define;;2160;ITM_SR1;SHOI;;;;;;;;;;
#define;;2161;ITM_RL1;SHOI;;;;;;;;;;
#define;;2162;ITM_RR1;SHOI;;;;;;;;;;
#define;;2163;ITM_FWORD;SHOI;;;;;;;;;;
#define;;2164;ITM_FBYTE;SHOI;;;;;;;;;;
#define;;2165;ITM_CLAIM;;;;;;;;;;;
#define;;2166;ITM_SHOIREP;SHOI;;;;;;;;;;
#define;;2167;ITM_SCALE;GRAPHING;;;;;;;;;;
#define;;2168;ITM_PLOTLS;;;;;;;;;;;
#define;;2169;ITM_PLINE;;;;;;;;;;;
#define;;2170;ITM_PCROS;;;;;;;;;;;
#define;;2171;ITM_PBOX;;;;;;;;;;;
#define;;2172;ITM_VECT;;;;;;;;;;;
#define;;2173;ITM_NVECT;;;;;;;;;;;
#define;;2174;ITM_EXTX;;;;;;;;;;;
#define;;2175;ITM_EXTY;;;;;;;;;;;
#define;;2176;ITM_PLOTJM;;;;;;;;;;;
#define;;2177;ITM_GRAPH;GRAPHING;;;;;;;;;;
#define;;2178;ITM_DEMO1;USER;;;;;;;;;;
#define;;2179;ITM_DEMO2;USER;;;;;;;;;;
#define;;2180;ITM_DEMO3;USER;;;;;;;;;;
#define;;2181;ITM_DEMO4;USER;;;;;;;;;;
#define;;2182;ITM_DEMO5;USER;;;;;;;;;;
#define;;2183;ITM_DEMO6;USER;;;;;;;;;;
#define;;2184;ITM_INTG;;;;;;;;;;;
#define;;2185;ITM_DIFF;;;;;;;;;;;
#define;;2186;ITM_RMS;;;;;;;;;;;
#define;;2187;ITM_SHADE;;;;;;;;;;;
;;;;;;;;;;;;;;
#define;;2188;LAST_ITEM;;;;;;;;;;;
;;;;;;;;;;;;;;
#define;;9876;NOPARAM;Item;for;function;who;don't;need;an;item;;;
#define;;9877;CONFIRMED;Confirmation;for;RESET,;CLPALL,;CLALL;;;;;;
#define;;9878;NOT_CONFIRMED;Confirmation;for;RESET,;CLPALL,;CLALL;;;;;;
#define;;9999;ITM_PROD_SIGN;Multiplication;sign;;or;;;;;;;
;;;;;;;;;;;;;;
void;;func,;reallyRunFunction(int16_t;param);;;;;;;;;;
void;;(int16_t;runFunction;;;;;;;;;;;
void;;(void);fnToBeCoded;;;;;;;;;;;
void;;(uint16_t;itemToBeCoded;;;;;;;;;;;
void;;(uint16_t;fnNop;;;;;;;;;;;